#
# There is insufficient memory for the Java Runtime Environment to continue.
# Native memory allocation (mmap) failed to map 14483456 bytes. Error detail: G1 virtual space
# Possible reasons:
#   The system is out of physical RAM or swap space
#   This process is running with CompressedOops enabled, and the Java Heap may be blocking the growth of the native heap
# Possible solutions:
#   Reduce memory load on the system
#   Increase physical memory or swap space
#   Check if swap backing store is full
#   Decrease Java heap size (-Xmx/-Xms)
#   Decrease number of Java threads
#   Decrease Java thread stack sizes (-Xss)
#   Set larger code cache with -XX:ReservedCodeCacheSize=
#   JVM is running with Zero Based Compressed Oops mode in which the Java heap is
#     placed in the first 32GB address space. The Java Heap base address is the
#     maximum limit for the native heap growth. Please use -XX:HeapBaseMinAddress
#     to set the Java Heap base and to place the Java Heap above 32GB virtual address.
# This output file may be truncated or incomplete.
#
#  Out of Memory Error (os_windows.cpp:3618), pid=6400, tid=11380
#
# JRE version: OpenJDK Runtime Environment Temurin-17.0.19+10 (17.0.19+10) (build 17.0.19+10)
# Java VM: OpenJDK 64-Bit Server VM Temurin-17.0.19+10 (17.0.19+10, mixed mode, sharing, tiered, compressed oops, compressed class ptrs, g1 gc, windows-amd64)
# No core dump will be written. Minidumps are not enabled by default on client versions of Windows
#

---------------  S U M M A R Y ------------

Command Line: --add-opens=java.base/java.util=ALL-UNNAMED --add-opens=java.base/java.lang=ALL-UNNAMED --add-opens=java.base/java.lang.invoke=ALL-UNNAMED --add-opens=java.prefs/java.util.prefs=ALL-UNNAMED --add-opens=java.base/java.nio.charset=ALL-UNNAMED --add-opens=java.base/java.net=ALL-UNNAMED --add-opens=java.base/java.util.concurrent.atomic=ALL-UNNAMED -Xmx4096m -Dfile.encoding=UTF-8 -Duser.country=US -Duser.language=en -Duser.variant -javaagent:C:\Users\Tech Semiconductors\.gradle\wrapper\dists\gradle-8.6-bin\afr5mpiioh2wthjmwnkmdsd5w\gradle-8.6\lib\agents\gradle-instrumentation-agent-8.6.jar org.gradle.launcher.daemon.bootstrap.GradleDaemon 8.6

Host: Intel(R) Core(TM) i7-8550U CPU @ 1.80GHz, 8 cores, 7G,  Windows 11 , 64 bit Build 26100 (10.0.26100.9444)
Time: Thu Sep 17 10:55:39 2026 South Africa Standard Time elapsed time: 225.674742 seconds (0d 0h 3m 45s)

---------------  T H R E A D  ---------------

Current thread (0x0000020df7b869c0):  VMThread "VM Thread" [stack: 0x00000086ade00000,0x00000086adf00000] [id=11380]

Stack: [0x00000086ade00000,0x00000086adf00000]
Native frames: (J=compiled Java code, j=interpreted, Vv=VM code, C=native code)
V  [jvm.dll+0x684b29]
V  [jvm.dll+0x83a2d5]
V  [jvm.dll+0x83bd4e]
V  [jvm.dll+0x83c3d3]
V  [jvm.dll+0x24905f]
V  [jvm.dll+0x6818e9]
V  [jvm.dll+0x6766ea]
V  [jvm.dll+0x3093b7]
V  [jvm.dll+0x3109a6]
V  [jvm.dll+0x360f48]
V  [jvm.dll+0x36115d]
V  [jvm.dll+0x2e043c]
V  [jvm.dll+0x2de812]
V  [jvm.dll+0x2ddfac]
V  [jvm.dll+0x320c6b]
V  [jvm.dll+0x840bed]
V  [jvm.dll+0x841923]
V  [jvm.dll+0x841e4f]
V  [jvm.dll+0x842235]
V  [jvm.dll+0x8422fe]
V  [jvm.dll+0x7eaf1c]
V  [jvm.dll+0x6839f7]
C  [ucrtbase.dll+0x2cd30]
C  [KERNEL32.DLL+0x2cd87]
C  [ntdll.dll+0xacaec]

VM_Operation (0x00000086b2bfbe50): G1CollectForAllocation, mode: safepoint, requested by thread 0x0000020dfe147340


---------------  P R O C E S S  ---------------

Threads class SMR info:
_java_thread_list=0x0000020e0e0666a0, length=210, elements={
0x0000020dd51dc150, 0x0000020df83240b0, 0x0000020df8326990, 0x0000020df832eaa0,
0x0000020df832f370, 0x0000020df832fc40, 0x0000020df8330510, 0x0000020df83391d0,
0x0000020df833dff0, 0x0000020df8342910, 0x0000020df7b774f0, 0x0000020df85470a0,
0x0000020dfe718690, 0x0000020dfdfac640, 0x0000020dff789d10, 0x0000020dfec516b0,
0x0000020dff414d80, 0x0000020dfee07c40, 0x0000020dfee09aa0, 0x0000020dfee0a9d0,
0x0000020dfee0b3f0, 0x0000020dfee0aee0, 0x0000020dfee08660, 0x0000020dfee0a4c0,
0x0000020dfee09fb0, 0x0000020dfee08b70, 0x0000020dfee09080, 0x0000020dfee09590,
0x0000020df8617a40, 0x0000020df8616600, 0x0000020df8618e80, 0x0000020df8617f50,
0x0000020df8617530, 0x0000020df86156d0, 0x0000020df8618460, 0x0000020df8616b10,
0x0000020df86160f0, 0x0000020df8618970, 0x0000020df8615be0, 0x0000020dc30cddf0,
0x0000020dc30cc4a0, 0x0000020dc30ce300, 0x0000020dc30cc9b0, 0x0000020dc30cb570,
0x0000020dc30ce810, 0x0000020dc30cb060, 0x0000020dc30cba80, 0x0000020dc30cbf90,
0x0000020dc30cd3d0, 0x0000020dfe1445b0, 0x0000020dc1ec4ef0, 0x0000020dc1ec7260,
0x0000020dc1ec6d50, 0x0000020dc1ec7770, 0x0000020dc1ec7c80, 0x0000020dc1ec5400,
0x0000020dc1ec5910, 0x0000020dc1ec44d0, 0x0000020dc1ec6330, 0x0000020dfe146920,
0x0000020dfe144fd0, 0x0000020dfe147340, 0x0000020dfe147850, 0x0000020dfe148c90,
0x0000020dfe1459f0, 0x0000020dc4b136f0, 0x0000020dc4b14620, 0x0000020dc4c63130,
0x0000020dc4c63640, 0x0000020dc4c64570, 0x0000020dc4b12cd0, 0x0000020dc4b15550,
0x0000020dc4c64060, 0x0000020dc4c63b50, 0x0000020dc4c64a80, 0x0000020dc1165250,
0x0000020dc4c62560, 0x0000020dc4c62a70, 0x0000020dc1166690, 0x0000020dc4c61630,
0x0000020dc1165760, 0x0000020dc1166180, 0x0000020dc11675c0, 0x0000020dc288a140,
0x0000020dc2f67570, 0x0000020dc288a650, 0x0000020dc4c62050, 0x0000020dc2f689b0,
0x0000020dc4c61120, 0x0000020dc2f67f90, 0x0000020dc4c61b40, 0x0000020dc2f67a80,
0x0000020dfdcafed0, 0x0000020dc2f67060, 0x0000020dc2f684a0, 0x0000020dfdc207d0,
0x0000020dc2f6a9c0, 0x0000020dc4a846a0, 0x0000020dc2f69a90, 0x0000020dc4a84bb0,
0x0000020dfdcb03e0, 0x0000020dfdcaf9c0, 0x0000020dc2f69fa0, 0x0000020dc4899070,
0x0000020dc4899580, 0x0000020dc4899fa0, 0x0000020dc4898650, 0x0000020dc4899a90,
0x0000020dc4898b60, 0x0000020dc1165c70, 0x0000020dc1166ba0, 0x0000020dc1167ad0,
0x0000020dc11670b0, 0x0000020dc1167fe0, 0x0000020dc11684f0, 0x0000020dc1168a00,
0x0000020dc4b127c0, 0x0000020dc4b131e0, 0x0000020dc4b13c00, 0x0000020dc4b14110,
0x0000020dfdc1f8a0, 0x0000020dfdc1da40, 0x0000020dfdc1e460, 0x0000020dc4a850c0,
0x0000020dc4a855d0, 0x0000020dc4a84190, 0x0000020dfdcb08f0, 0x0000020dc38795b0,
0x0000020dc3877750, 0x0000020dc387a9f0, 0x0000020dc3879ac0, 0x0000020dc560a700,
0x0000020dc560d9a0, 0x0000020dc560a1f0, 0x0000020dc560ca70, 0x0000020dc560ac10,
0x0000020dc560cf80, 0x0000020dc560b120, 0x0000020dc4b11da0, 0x0000020dc3878680,
0x0000020dfdc202c0, 0x0000020dc2f6b080, 0x0000020dc560c050, 0x0000020dc1fed770,
0x0000020dc44a79b0, 0x0000020dc44a88e0, 0x0000020dfdc1e970, 0x0000020dfdc20ce0,
0x0000020dfdc1df50, 0x0000020dfdc211f0, 0x0000020dfdc1f390, 0x0000020dc3dea280,
0x0000020dc3de9350, 0x0000020dc31d73d0, 0x0000020dca4f1840, 0x0000020dc2f6baa0,
0x0000020dc2f6b590, 0x0000020dc44a7ec0, 0x0000020dc44a8df0, 0x0000020dc3de9d70,
0x0000020dc3de7a00, 0x0000020dc44a83d0, 0x0000020dc44a6570, 0x0000020dc4bb6da0,
0x0000020dc4bb9620, 0x0000020dc2f6bfb0, 0x0000020dc2f6c4c0, 0x0000020dc3878170,
0x0000020dc3878b90, 0x0000020dc4b15a60, 0x0000020dc3de8930, 0x0000020dca4eefc0,
0x0000020dc45494d0, 0x0000020dc31d5570, 0x0000020dc560bb40, 0x0000020dc5198610,
0x0000020dc4bb6380, 0x0000020dc4bb86f0, 0x0000020dc13101f0, 0x0000020dc4b16480,
0x0000020dc454cc80, 0x0000020e00963f90, 0x0000020dca4f0910, 0x0000020e009db1e0,
0x0000020e009da740, 0x0000020dc45499e0, 0x0000020dc454b840, 0x0000020dc454a400,
0x0000020dc454c770, 0x0000020dc31d78e0, 0x0000020dc454a910, 0x0000020dc454b330,
0x0000020e00966810, 0x0000020e00964ec0, 0x0000020e00963060, 0x0000020dc1310c10,
0x0000020dc130f2c0, 0x0000020dc1311b40, 0x0000020dc1312a70, 0x0000020dc130fce0,
0x0000020dc38790a0, 0x0000020dca4efef0, 0x0000020dc4b182e0, 0x0000020dcab7ef10,
0x0000020dca4ee5a0, 0x0000020dcab80d70, 0x0000020dc31d6ec0, 0x0000020dc454c260,
0x0000020dc4b178c0, 0x0000020dc4b17dd0
}

Java Threads: ( => current thread )
  0x0000020dd51dc150 JavaThread "main" [_thread_blocked, id=18212, stack(0x00000086ad800000,0x00000086ad900000)]
  0x0000020df83240b0 JavaThread "Reference Handler" daemon [_thread_blocked, id=16112, stack(0x00000086adf00000,0x00000086ae000000)]
  0x0000020df8326990 JavaThread "Finalizer" daemon [_thread_blocked, id=14172, stack(0x00000086ae000000,0x00000086ae100000)]
  0x0000020df832eaa0 JavaThread "Signal Dispatcher" daemon [_thread_blocked, id=10680, stack(0x00000086ae100000,0x00000086ae200000)]
  0x0000020df832f370 JavaThread "Attach Listener" daemon [_thread_blocked, id=18932, stack(0x00000086ae200000,0x00000086ae300000)]
  0x0000020df832fc40 JavaThread "Service Thread" daemon [_thread_blocked, id=11900, stack(0x00000086ae300000,0x00000086ae400000)]
  0x0000020df8330510 JavaThread "Monitor Deflation Thread" daemon [_thread_blocked, id=19280, stack(0x00000086ae400000,0x00000086ae500000)]
  0x0000020df83391d0 JavaThread "C2 CompilerThread0" daemon [_thread_blocked, id=14968, stack(0x00000086ae500000,0x00000086ae600000)]
  0x0000020df833dff0 JavaThread "C1 CompilerThread0" daemon [_thread_blocked, id=7276, stack(0x00000086ae600000,0x00000086ae700000)]
  0x0000020df8342910 JavaThread "Sweeper thread" daemon [_thread_blocked, id=15812, stack(0x00000086ae700000,0x00000086ae800000)]
  0x0000020df7b774f0 JavaThread "Common-Cleaner" daemon [_thread_blocked, id=18196, stack(0x00000086ae800000,0x00000086ae900000)]
  0x0000020df85470a0 JavaThread "Notification Thread" daemon [_thread_blocked, id=11568, stack(0x00000086ae900000,0x00000086aea00000)]
  0x0000020dfe718690 JavaThread "Daemon health stats" [_thread_blocked, id=5668, stack(0x00000086af100000,0x00000086af200000)]
  0x0000020dfdfac640 JavaThread "Incoming local TCP Connector on port 52471" [_thread_in_native, id=18648, stack(0x00000086aeb00000,0x00000086aec00000)]
  0x0000020dff789d10 JavaThread "Daemon periodic checks" [_thread_blocked, id=19212, stack(0x00000086aec00000,0x00000086aed00000)]
  0x0000020dfec516b0 JavaThread "Daemon" [_thread_blocked, id=11100, stack(0x00000086af200000,0x00000086af300000)]
  0x0000020dff414d80 JavaThread "Handler for socket connection from /127.0.0.1:52471 to /127.0.0.1:52472" [_thread_in_native, id=4116, stack(0x00000086af300000,0x00000086af400000)]
  0x0000020dfee07c40 JavaThread "Cancel handler" [_thread_blocked, id=1864, stack(0x00000086af400000,0x00000086af500000)]
  0x0000020dfee09aa0 JavaThread "Daemon worker" [_thread_blocked, id=7744, stack(0x00000086af500000,0x00000086af600000)]
  0x0000020dfee0a9d0 JavaThread "Asynchronous log dispatcher for DefaultDaemonConnection: socket connection from /127.0.0.1:52471 to /127.0.0.1:52472" [_thread_blocked, id=19444, stack(0x00000086af600000,0x00000086af700000)]
  0x0000020dfee0b3f0 JavaThread "Stdin handler" [_thread_blocked, id=14672, stack(0x00000086af700000,0x00000086af800000)]
  0x0000020dfee0aee0 JavaThread "Daemon client event forwarder" [_thread_blocked, id=12348, stack(0x00000086af800000,0x00000086af900000)]
  0x0000020dfee08660 JavaThread "Cache worker for journal cache (C:\Users\Tech Semiconductors\.gradle\caches\journal-1)" [_thread_blocked, id=6916, stack(0x00000086afc00000,0x00000086afd00000)]
  0x0000020dfee0a4c0 JavaThread "File lock request listener" [_thread_in_native, id=14476, stack(0x00000086afd00000,0x00000086afe00000)]
  0x0000020dfee09fb0 JavaThread "Cache worker for file hash cache (C:\Users\Tech Semiconductors\.gradle\caches\8.6\fileHashes)" [_thread_blocked, id=17772, stack(0x00000086afe00000,0x00000086aff00000)]
  0x0000020dfee08b70 JavaThread "File watcher server" daemon [_thread_blocked, id=13324, stack(0x00000086b0100000,0x00000086b0200000)]
  0x0000020dfee09080 JavaThread "File watcher consumer" daemon [_thread_blocked, id=16304, stack(0x00000086b0200000,0x00000086b0300000)]
  0x0000020dfee09590 JavaThread "Cache worker for checksums cache (C:\Users\Tech Semiconductors\AndroidStudioProjects\swift-shop-reconciled\swift-shop\.gradle\8.6\checksums)" [_thread_blocked, id=17612, stack(0x00000086b0300000,0x00000086b0400000)]
  0x0000020df8617a40 JavaThread "Cache worker for file hash cache (C:\Users\Tech Semiconductors\AndroidStudioProjects\swift-shop-reconciled\swift-shop\.gradle\8.6\fileHashes)" [_thread_blocked, id=3980, stack(0x00000086b0000000,0x00000086b0100000)]
  0x0000020df8616600 JavaThread "Cache worker for cache directory md-supplier (C:\Users\Tech Semiconductors\.gradle\caches\8.6\md-supplier)" [_thread_blocked, id=18804, stack(0x00000086aff00000,0x00000086b0000000)]
  0x0000020df8618e80 JavaThread "Cache worker for cache directory md-rule (C:\Users\Tech Semiconductors\.gradle\caches\8.6\md-rule)" [_thread_blocked, id=5500, stack(0x00000086b0500000,0x00000086b0600000)]
  0x0000020df8617f50 JavaThread "Cache worker for file content cache (C:\Users\Tech Semiconductors\.gradle\caches\8.6\fileContent)" [_thread_blocked, id=4452, stack(0x00000086b0700000,0x00000086b0800000)]
  0x0000020df8617530 JavaThread "jar transforms" [_thread_blocked, id=1456, stack(0x00000086b0900000,0x00000086b0a00000)]
  0x0000020df86156d0 JavaThread "jar transforms Thread 2" [_thread_blocked, id=13568, stack(0x00000086b0a00000,0x00000086b0b00000)]
  0x0000020df8618460 JavaThread "jar transforms Thread 3" [_thread_blocked, id=11700, stack(0x00000086b0b00000,0x00000086b0c00000)]
  0x0000020df8616b10 JavaThread "jar transforms Thread 4" [_thread_blocked, id=3820, stack(0x00000086b0c00000,0x00000086b0d00000)]
  0x0000020df86160f0 JavaThread "Cache worker for Build Output Cleanup Cache (C:\Users\Tech Semiconductors\AndroidStudioProjects\swift-shop-reconciled\swift-shop\.gradle\buildOutputCleanup)" [_thread_blocked, id=15348, stack(0x00000086b0d00000,0x00000086b0e00000)]
  0x0000020df8618970 JavaThread "jar transforms Thread 5" [_thread_blocked, id=14572, stack(0x00000086b0e00000,0x00000086b0f00000)]
  0x0000020df8615be0 JavaThread "jar transforms Thread 6" [_thread_blocked, id=7512, stack(0x00000086b0f00000,0x00000086b1000000)]
  0x0000020dc30cddf0 JavaThread "Unconstrained build operations" [_thread_blocked, id=3568, stack(0x00000086b1000000,0x00000086b1100000)]
  0x0000020dc30cc4a0 JavaThread "Unconstrained build operations Thread 2" [_thread_blocked, id=17968, stack(0x00000086b1100000,0x00000086b1200000)]
  0x0000020dc30ce300 JavaThread "Unconstrained build operations Thread 3" [_thread_blocked, id=13448, stack(0x00000086b1200000,0x00000086b1300000)]
  0x0000020dc30cc9b0 JavaThread "Unconstrained build operations Thread 4" [_thread_blocked, id=11616, stack(0x00000086b1300000,0x00000086b1400000)]
  0x0000020dc30cb570 JavaThread "Unconstrained build operations Thread 5" [_thread_blocked, id=10568, stack(0x00000086b1400000,0x00000086b1500000)]
  0x0000020dc30ce810 JavaThread "Unconstrained build operations Thread 6" [_thread_blocked, id=14472, stack(0x00000086b1500000,0x00000086b1600000)]
  0x0000020dc30cb060 JavaThread "Unconstrained build operations Thread 7" [_thread_blocked, id=18288, stack(0x00000086b1600000,0x00000086b1700000)]
  0x0000020dc30cba80 JavaThread "jar transforms Thread 7" [_thread_blocked, id=6780, stack(0x00000086b0800000,0x00000086b0900000)]
  0x0000020dc30cbf90 JavaThread "jar transforms Thread 8" [_thread_blocked, id=18156, stack(0x00000086b1700000,0x00000086b1800000)]
  0x0000020dc30cd3d0 JavaThread "Memory manager" [_thread_blocked, id=18996, stack(0x00000086b1800000,0x00000086b1900000)]
  0x0000020dfe1445b0 JavaThread "build event listener" [_thread_blocked, id=19364, stack(0x00000086b1900000,0x00000086b1a00000)]
  0x0000020dc1ec4ef0 JavaThread "included builds" [_thread_blocked, id=4804, stack(0x00000086b2000000,0x00000086b2100000)]
  0x0000020dc1ec7260 JavaThread "Execution worker" [_thread_blocked, id=18236, stack(0x00000086b2100000,0x00000086b2200000)]
  0x0000020dc1ec6d50 JavaThread "Execution worker Thread 2" [_thread_blocked, id=18492, stack(0x00000086b2200000,0x00000086b2300000)]
  0x0000020dc1ec7770 JavaThread "Execution worker Thread 3" [_thread_blocked, id=18688, stack(0x00000086b2300000,0x00000086b2400000)]
  0x0000020dc1ec7c80 JavaThread "Execution worker Thread 4" [_thread_blocked, id=4128, stack(0x00000086b2400000,0x00000086b2500000)]
  0x0000020dc1ec5400 JavaThread "Execution worker Thread 5" [_thread_blocked, id=12104, stack(0x00000086b2500000,0x00000086b2600000)]
  0x0000020dc1ec5910 JavaThread "Execution worker Thread 6" [_thread_blocked, id=6068, stack(0x00000086b2600000,0x00000086b2700000)]
  0x0000020dc1ec44d0 JavaThread "Execution worker Thread 7" [_thread_blocked, id=13532, stack(0x00000086b2700000,0x00000086b2800000)]
  0x0000020dc1ec6330 JavaThread "Cache worker for execution history cache (C:\Users\Tech Semiconductors\AndroidStudioProjects\swift-shop-reconciled\swift-shop\.gradle\8.6\executionHistory)" [_thread_blocked, id=6688, stack(0x00000086b2800000,0x00000086b2900000)]
  0x0000020dfe146920 JavaThread "WorkerExecutor Queue" [_thread_in_native, id=6072, stack(0x00000086b2900000,0x00000086b2a00000)]
  0x0000020dfe144fd0 JavaThread "WorkerExecutor Queue Thread 2" [_thread_blocked, id=6260, stack(0x00000086b2a00000,0x00000086b2b00000)]
  0x0000020dfe147340 JavaThread "WorkerExecutor Queue Thread 3" [_thread_blocked, id=8448, stack(0x00000086b2b00000,0x00000086b2c00000)]
  0x0000020dfe147850 JavaThread "WorkerExecutor Queue Thread 4" [_thread_in_native, id=6640, stack(0x00000086b2c00000,0x00000086b2d00000)]
  0x0000020dfe148c90 JavaThread "WorkerExecutor Queue Thread 5" [_thread_blocked, id=2956, stack(0x00000086b2d00000,0x00000086b2e00000)]
  0x0000020dfe1459f0 JavaThread "WorkerExecutor Queue Thread 6" [_thread_in_native, id=3220, stack(0x00000086b2e00000,0x00000086b2f00000)]
  0x0000020dc4b136f0 JavaThread "WorkerExecutor Queue Thread 7" [_thread_blocked, id=13612, stack(0x00000086b2f00000,0x00000086b3000000)]
  0x0000020dc4b14620 JavaThread "WorkerExecutor Queue Thread 8" [_thread_blocked, id=4240, stack(0x00000086b3000000,0x00000086b3100000)]
  0x0000020dc4c63130 JavaThread "Unconstrained build operations Thread 8" [_thread_blocked, id=10696, stack(0x00000086b3100000,0x00000086b3200000)]
  0x0000020dc4c63640 JavaThread "Unconstrained build operations Thread 9" [_thread_blocked, id=17364, stack(0x00000086b3200000,0x00000086b3300000)]
  0x0000020dc4c64570 JavaThread "Unconstrained build operations Thread 10" [_thread_blocked, id=14940, stack(0x00000086b3300000,0x00000086b3400000)]
  0x0000020dc4b12cd0 JavaThread "Unconstrained build operations Thread 11" [_thread_blocked, id=8596, stack(0x00000086b3400000,0x00000086b3500000)]
  0x0000020dc4b15550 JavaThread "Unconstrained build operations Thread 12" [_thread_blocked, id=18312, stack(0x00000086b3500000,0x00000086b3600000)]
  0x0000020dc4c64060 JavaThread "Unconstrained build operations Thread 13" [_thread_blocked, id=14148, stack(0x00000086b3600000,0x00000086b3700000)]
  0x0000020dc4c63b50 JavaThread "Unconstrained build operations Thread 14" [_thread_blocked, id=18008, stack(0x00000086b3700000,0x00000086b3800000)]
  0x0000020dc4c64a80 JavaThread "Unconstrained build operations Thread 15" [_thread_blocked, id=12484, stack(0x00000086b3800000,0x00000086b3900000)]
  0x0000020dc1165250 JavaThread "Unconstrained build operations Thread 16" [_thread_blocked, id=16356, stack(0x00000086b3900000,0x00000086b3a00000)]
  0x0000020dc4c62560 JavaThread "Unconstrained build operations Thread 17" [_thread_blocked, id=18728, stack(0x00000086b3a00000,0x00000086b3b00000)]
  0x0000020dc4c62a70 JavaThread "Unconstrained build operations Thread 18" [_thread_blocked, id=14308, stack(0x00000086b3b00000,0x00000086b3c00000)]
  0x0000020dc1166690 JavaThread "Unconstrained build operations Thread 19" [_thread_blocked, id=8520, stack(0x00000086b3c00000,0x00000086b3d00000)]
  0x0000020dc4c61630 JavaThread "Unconstrained build operations Thread 20" [_thread_blocked, id=3920, stack(0x00000086b3d00000,0x00000086b3e00000)]
  0x0000020dc1165760 JavaThread "Unconstrained build operations Thread 21" [_thread_blocked, id=18436, stack(0x00000086b3e00000,0x00000086b3f00000)]
  0x0000020dc1166180 JavaThread "Unconstrained build operations Thread 23" [_thread_blocked, id=4700, stack(0x00000086b3f00000,0x00000086b4000000)]
  0x0000020dc11675c0 JavaThread "Unconstrained build operations Thread 24" [_thread_blocked, id=13548, stack(0x00000086b4000000,0x00000086b4100000)]
  0x0000020dc288a140 JavaThread "Unconstrained build operations Thread 25" [_thread_blocked, id=11524, stack(0x00000086b4100000,0x00000086b4200000)]
  0x0000020dc2f67570 JavaThread "Unconstrained build operations Thread 26" [_thread_blocked, id=2904, stack(0x00000086b4200000,0x00000086b4300000)]
  0x0000020dc288a650 JavaThread "Unconstrained build operations Thread 27" [_thread_blocked, id=9276, stack(0x00000086b4300000,0x00000086b4400000)]
  0x0000020dc4c62050 JavaThread "Unconstrained build operations Thread 22" [_thread_blocked, id=9336, stack(0x00000086b4400000,0x00000086b4500000)]
  0x0000020dc2f689b0 JavaThread "Unconstrained build operations Thread 28" [_thread_blocked, id=9532, stack(0x00000086b4500000,0x00000086b4600000)]
  0x0000020dc4c61120 JavaThread "Unconstrained build operations Thread 29" [_thread_blocked, id=3272, stack(0x00000086b4600000,0x00000086b4700000)]
  0x0000020dc2f67f90 JavaThread "Unconstrained build operations Thread 30" [_thread_blocked, id=9604, stack(0x00000086b4700000,0x00000086b4800000)]
  0x0000020dc4c61b40 JavaThread "Unconstrained build operations Thread 31" [_thread_blocked, id=5860, stack(0x00000086b4800000,0x00000086b4900000)]
  0x0000020dc2f67a80 JavaThread "Unconstrained build operations Thread 32" [_thread_blocked, id=708, stack(0x00000086b4900000,0x00000086b4a00000)]
  0x0000020dfdcafed0 JavaThread "Unconstrained build operations Thread 33" [_thread_blocked, id=15656, stack(0x00000086b4a00000,0x00000086b4b00000)]
  0x0000020dc2f67060 JavaThread "Unconstrained build operations Thread 34" [_thread_blocked, id=18228, stack(0x00000086b4b00000,0x00000086b4c00000)]
  0x0000020dc2f684a0 JavaThread "Unconstrained build operations Thread 35" [_thread_blocked, id=7348, stack(0x00000086b4c00000,0x00000086b4d00000)]
  0x0000020dfdc207d0 JavaThread "Unconstrained build operations Thread 36" [_thread_blocked, id=11776, stack(0x00000086b4d00000,0x00000086b4e00000)]
  0x0000020dc2f6a9c0 JavaThread "Unconstrained build operations Thread 37" [_thread_blocked, id=14544, stack(0x00000086b4e00000,0x00000086b4f00000)]
  0x0000020dc4a846a0 JavaThread "Unconstrained build operations Thread 38" [_thread_blocked, id=18684, stack(0x00000086b4f00000,0x00000086b5000000)]
  0x0000020dc2f69a90 JavaThread "Unconstrained build operations Thread 39" [_thread_blocked, id=13752, stack(0x00000086b5000000,0x00000086b5100000)]
  0x0000020dc4a84bb0 JavaThread "Unconstrained build operations Thread 40" [_thread_blocked, id=14652, stack(0x00000086b5100000,0x00000086b5200000)]
  0x0000020dfdcb03e0 JavaThread "Unconstrained build operations Thread 41" [_thread_blocked, id=18252, stack(0x00000086b5200000,0x00000086b5300000)]
  0x0000020dfdcaf9c0 JavaThread "Unconstrained build operations Thread 42" [_thread_blocked, id=16980, stack(0x00000086b5300000,0x00000086b5400000)]
  0x0000020dc2f69fa0 JavaThread "Unconstrained build operations Thread 43" [_thread_blocked, id=16200, stack(0x00000086b5400000,0x00000086b5500000)]
  0x0000020dc4899070 JavaThread "Unconstrained build operations Thread 44" [_thread_blocked, id=13716, stack(0x00000086b5500000,0x00000086b5600000)]
  0x0000020dc4899580 JavaThread "Unconstrained build operations Thread 45" [_thread_blocked, id=13708, stack(0x00000086b5600000,0x00000086b5700000)]
  0x0000020dc4899fa0 JavaThread "Unconstrained build operations Thread 46" [_thread_blocked, id=10580, stack(0x00000086b5700000,0x00000086b5800000)]
  0x0000020dc4898650 JavaThread "Unconstrained build operations Thread 47" [_thread_blocked, id=2936, stack(0x00000086b5800000,0x00000086b5900000)]
  0x0000020dc4899a90 JavaThread "Unconstrained build operations Thread 48" [_thread_blocked, id=12636, stack(0x00000086b5900000,0x00000086b5a00000)]
  0x0000020dc4898b60 JavaThread "Unconstrained build operations Thread 49" [_thread_blocked, id=3048, stack(0x00000086b5a00000,0x00000086b5b00000)]
  0x0000020dc1165c70 JavaThread "Unconstrained build operations Thread 50" [_thread_blocked, id=3676, stack(0x00000086b5b00000,0x00000086b5c00000)]
  0x0000020dc1166ba0 JavaThread "Unconstrained build operations Thread 51" [_thread_blocked, id=9564, stack(0x00000086b5c00000,0x00000086b5d00000)]
  0x0000020dc1167ad0 JavaThread "Unconstrained build operations Thread 52" [_thread_blocked, id=16172, stack(0x00000086b5d00000,0x00000086b5e00000)]
  0x0000020dc11670b0 JavaThread "Unconstrained build operations Thread 53" [_thread_blocked, id=3056, stack(0x00000086b5e00000,0x00000086b5f00000)]
  0x0000020dc1167fe0 JavaThread "Unconstrained build operations Thread 54" [_thread_blocked, id=14468, stack(0x00000086b5f00000,0x00000086b6000000)]
  0x0000020dc11684f0 JavaThread "Unconstrained build operations Thread 55" [_thread_blocked, id=18644, stack(0x00000086b6000000,0x00000086b6100000)]
  0x0000020dc1168a00 JavaThread "Unconstrained build operations Thread 56" [_thread_blocked, id=14688, stack(0x00000086b6100000,0x00000086b6200000)]
  0x0000020dc4b127c0 JavaThread "Unconstrained build operations Thread 57" [_thread_blocked, id=9252, stack(0x00000086b6200000,0x00000086b6300000)]
  0x0000020dc4b131e0 JavaThread "Unconstrained build operations Thread 58" [_thread_blocked, id=10608, stack(0x00000086b6300000,0x00000086b6400000)]
  0x0000020dc4b13c00 JavaThread "Unconstrained build operations Thread 59" [_thread_blocked, id=11548, stack(0x00000086b6400000,0x00000086b6500000)]
  0x0000020dc4b14110 JavaThread "Unconstrained build operations Thread 60" [_thread_blocked, id=8320, stack(0x00000086b6500000,0x00000086b6600000)]
  0x0000020dfdc1f8a0 JavaThread "Unconstrained build operations Thread 61" [_thread_blocked, id=15984, stack(0x00000086b6600000,0x00000086b6700000)]
  0x0000020dfdc1da40 JavaThread "Unconstrained build operations Thread 62" [_thread_blocked, id=9820, stack(0x00000086b6700000,0x00000086b6800000)]
  0x0000020dfdc1e460 JavaThread "Unconstrained build operations Thread 63" [_thread_blocked, id=8532, stack(0x00000086b6800000,0x00000086b6900000)]
  0x0000020dc4a850c0 JavaThread "Unconstrained build operations Thread 64" [_thread_blocked, id=16196, stack(0x00000086b6900000,0x00000086b6a00000)]
  0x0000020dc4a855d0 JavaThread "Unconstrained build operations Thread 65" [_thread_blocked, id=3364, stack(0x00000086b6a00000,0x00000086b6b00000)]
  0x0000020dc4a84190 JavaThread "Unconstrained build operations Thread 66" [_thread_blocked, id=3168, stack(0x00000086b6b00000,0x00000086b6c00000)]
  0x0000020dfdcb08f0 JavaThread "Unconstrained build operations Thread 67" [_thread_blocked, id=16004, stack(0x00000086b6c00000,0x00000086b6d00000)]
  0x0000020dc38795b0 JavaThread "Unconstrained build operations Thread 68" [_thread_blocked, id=3348, stack(0x00000086b6d00000,0x00000086b6e00000)]
  0x0000020dc3877750 JavaThread "Unconstrained build operations Thread 69" [_thread_blocked, id=18824, stack(0x00000086b6e00000,0x00000086b6f00000)]
  0x0000020dc387a9f0 JavaThread "Unconstrained build operations Thread 70" [_thread_blocked, id=13740, stack(0x00000086b6f00000,0x00000086b7000000)]
  0x0000020dc3879ac0 JavaThread "Unconstrained build operations Thread 71" [_thread_blocked, id=19056, stack(0x00000086b7000000,0x00000086b7100000)]
  0x0000020dc560a700 JavaThread "Unconstrained build operations Thread 72" [_thread_blocked, id=2680, stack(0x00000086b7100000,0x00000086b7200000)]
  0x0000020dc560d9a0 JavaThread "Unconstrained build operations Thread 73" [_thread_blocked, id=14596, stack(0x00000086b7200000,0x00000086b7300000)]
  0x0000020dc560a1f0 JavaThread "Unconstrained build operations Thread 74" [_thread_blocked, id=10288, stack(0x00000086b7300000,0x00000086b7400000)]
  0x0000020dc560ca70 JavaThread "Unconstrained build operations Thread 75" [_thread_blocked, id=19380, stack(0x00000086b7400000,0x00000086b7500000)]
  0x0000020dc560ac10 JavaThread "Unconstrained build operations Thread 76" [_thread_blocked, id=8168, stack(0x00000086b7500000,0x00000086b7600000)]
  0x0000020dc560cf80 JavaThread "Unconstrained build operations Thread 77" [_thread_blocked, id=10612, stack(0x00000086b7600000,0x00000086b7700000)]
  0x0000020dc560b120 JavaThread "Unconstrained build operations Thread 78" [_thread_blocked, id=14856, stack(0x00000086b7700000,0x00000086b7800000)]
  0x0000020dc4b11da0 JavaThread "Unconstrained build operations Thread 79" [_thread_blocked, id=1404, stack(0x00000086b7800000,0x00000086b7900000)]
  0x0000020dc3878680 JavaThread "Unconstrained build operations Thread 80" [_thread_blocked, id=10360, stack(0x00000086b7900000,0x00000086b7a00000)]
  0x0000020dfdc202c0 JavaThread "RMI Scheduler(0)" daemon [_thread_blocked, id=18528, stack(0x00000086b1a00000,0x00000086b1b00000)]
  0x0000020dc2f6b080 JavaThread "RMI GC Daemon" daemon [_thread_blocked, id=10216, stack(0x00000086b7b00000,0x00000086b7c00000)]
  0x0000020dc560c050 JavaThread "RMI TCP Accept-0" daemon [_thread_in_native, id=9068, stack(0x00000086b7d00000,0x00000086b7e00000)]
  0x0000020dc1fed770 JavaThread "RMI Reaper" [_thread_blocked, id=18080, stack(0x00000086b7e00000,0x00000086b7f00000)]
  0x0000020dc44a79b0 JavaThread "RMI TCP Connection(43)-127.0.0.1" daemon [_thread_blocked, id=3504, stack(0x00000086b8000000,0x00000086b8100000)]
  0x0000020dc44a88e0 JavaThread "Cache worker for Java compile cache (C:\Users\Tech Semiconductors\.gradle\caches\8.6\javaCompile)" [_thread_blocked, id=18512, stack(0x00000086b7a00000,0x00000086b7b00000)]
  0x0000020dfdc1e970 JavaThread "Build operations" [_thread_blocked, id=6860, stack(0x00000086b0600000,0x00000086b0700000)]
  0x0000020dfdc20ce0 JavaThread "Build operations Thread 2" [_thread_blocked, id=11316, stack(0x00000086b7c00000,0x00000086b7d00000)]
  0x0000020dfdc1df50 JavaThread "Build operations Thread 3" [_thread_blocked, id=7860, stack(0x00000086b8300000,0x00000086b8400000)]
  0x0000020dfdc211f0 JavaThread "Build operations Thread 4" [_thread_blocked, id=16120, stack(0x00000086b8400000,0x00000086b8500000)]
  0x0000020dfdc1f390 JavaThread "Build operations Thread 5" [_thread_blocked, id=1608, stack(0x00000086b8500000,0x00000086b8600000)]
  0x0000020dc3dea280 JavaThread "Build operations Thread 6" [_thread_blocked, id=13476, stack(0x00000086b8600000,0x00000086b8700000)]
  0x0000020dc3de9350 JavaThread "Build operations Thread 7" [_thread_blocked, id=15664, stack(0x00000086b8700000,0x00000086b8800000)]
  0x0000020dc31d73d0 JavaThread "RMI TCP Connection(49)-127.0.0.1" daemon [_thread_blocked, id=14204, stack(0x00000086b8a00000,0x00000086b8b00000)]
  0x0000020dca4f1840 JavaThread "pool-3-thread-1" [_thread_blocked, id=9660, stack(0x00000086b8b00000,0x00000086b8c00000)]
  0x0000020dc2f6baa0 JavaThread "stderr" [_thread_in_native, id=17880, stack(0x00000086b8c00000,0x00000086b8d00000)]
  0x0000020dc2f6b590 JavaThread "stdout" [_thread_in_native, id=3648, stack(0x00000086b8d00000,0x00000086b8e00000)]
  0x0000020dc44a7ec0 JavaThread "stderr" [_thread_in_native, id=18004, stack(0x00000086b8e00000,0x00000086b8f00000)]
  0x0000020dc44a8df0 JavaThread "stdout" [_thread_in_native, id=12172, stack(0x00000086b8f00000,0x00000086b9000000)]
  0x0000020dc3de9d70 JavaThread "stderr" [_thread_in_native, id=12604, stack(0x00000086b9000000,0x00000086b9100000)]
  0x0000020dc3de7a00 JavaThread "stdout" [_thread_in_native, id=15548, stack(0x00000086b9100000,0x00000086b9200000)]
  0x0000020dc44a83d0 JavaThread "stderr" [_thread_in_native, id=16900, stack(0x00000086b9200000,0x00000086b9300000)]
  0x0000020dc44a6570 JavaThread "stdout" [_thread_in_native, id=18188, stack(0x00000086b9300000,0x00000086b9400000)]
  0x0000020dc4bb6da0 JavaThread "stderr" [_thread_in_native, id=13728, stack(0x00000086b9400000,0x00000086b9500000)]
  0x0000020dc4bb9620 JavaThread "stdout" [_thread_in_native, id=15504, stack(0x00000086b9500000,0x00000086b9600000)]
  0x0000020dc2f6bfb0 JavaThread "stderr" [_thread_in_native, id=5976, stack(0x00000086b9600000,0x00000086b9700000)]
  0x0000020dc2f6c4c0 JavaThread "stdout" [_thread_in_native, id=18652, stack(0x00000086b9700000,0x00000086b9800000)]
  0x0000020dc3878170 JavaThread "stderr" [_thread_in_native, id=1740, stack(0x00000086b9800000,0x00000086b9900000)]
  0x0000020dc3878b90 JavaThread "stdout" [_thread_in_native, id=7560, stack(0x00000086b9900000,0x00000086b9a00000)]
  0x0000020dc4b15a60 JavaThread "Build operations Thread 8" [_thread_blocked, id=2788, stack(0x00000086b9a00000,0x00000086b9b00000)]
  0x0000020dc3de8930 JavaThread "RMI TCP Connection(51)-127.0.0.1" daemon [_thread_blocked, id=2076, stack(0x00000086ba300000,0x00000086ba400000)]
  0x0000020dca4eefc0 JavaThread "RMI TCP Connection(48)-127.0.0.1" daemon [_thread_blocked, id=6044, stack(0x00000086ba700000,0x00000086ba800000)]
  0x0000020dc45494d0 JavaThread "RMI TCP Connection(52)-127.0.0.1" daemon [_thread_blocked, id=17668, stack(0x00000086ba800000,0x00000086ba900000)]
  0x0000020dc31d5570 JavaThread "RMI TCP Connection(45)-127.0.0.1" daemon [_thread_blocked, id=5516, stack(0x00000086b9b00000,0x00000086b9c00000)]
  0x0000020dc560bb40 JavaThread "RMI TCP Connection(47)-127.0.0.1" daemon [_thread_blocked, id=13316, stack(0x00000086b9e00000,0x00000086b9f00000)]
  0x0000020dc5198610 JavaThread "RMI TCP Connection(44)-127.0.0.1" daemon [_thread_blocked, id=16368, stack(0x00000086ba600000,0x00000086ba700000)]
  0x0000020dc4bb6380 JavaThread "RMI TCP Connection(46)-127.0.0.1" daemon [_thread_blocked, id=1940, stack(0x00000086bac00000,0x00000086bad00000)]
  0x0000020dc4bb86f0 JavaThread "RMI TCP Connection(50)-127.0.0.1" daemon [_thread_blocked, id=19172, stack(0x00000086ba000000,0x00000086ba100000)]
  0x0000020dc13101f0 JavaThread "RMI RenewClean-[127.0.0.1:17806,org.jetbrains.kotlin.daemon.common.LoopbackNetworkInterface$ClientLoopbackSocketFactory@7d85bf4d]" daemon [_thread_blocked, id=7084, stack(0x00000086bb100000,0x00000086bb200000)]
  0x0000020dc4b16480 JavaThread "RMI RenewClean-[127.0.0.1:17806,org.jetbrains.kotlin.daemon.common.LoopbackNetworkInterface$ClientLoopbackSocketFactory@13e9a557]" daemon [_thread_blocked, id=10276, stack(0x00000086ad500000,0x00000086ad600000)]
  0x0000020dc454cc80 JavaThread "RMI RenewClean-[127.0.0.1:17806,org.jetbrains.kotlin.daemon.common.LoopbackNetworkInterface$ClientLoopbackSocketFactory@4673bbcb]" daemon [_thread_blocked, id=6296, stack(0x00000086b1b00000,0x00000086b1c00000)]
  0x0000020e00963f90 JavaThread "RMI RenewClean-[127.0.0.1:17806,org.jetbrains.kotlin.daemon.common.LoopbackNetworkInterface$ClientLoopbackSocketFactory@44a7e2ac]" daemon [_thread_blocked, id=16548, stack(0x00000086b7f00000,0x00000086b8000000)]
  0x0000020dca4f0910 JavaThread "RMI RenewClean-[127.0.0.1:17806,org.jetbrains.kotlin.daemon.common.LoopbackNetworkInterface$ClientLoopbackSocketFactory@66ece501]" daemon [_thread_blocked, id=19436, stack(0x00000086b8800000,0x00000086b8900000)]
  0x0000020e009db1e0 JavaThread "C2 CompilerThread1" daemon [_thread_blocked, id=11912, stack(0x00000086b1c00000,0x00000086b1d00000)]
  0x0000020e009da740 JavaThread "C2 CompilerThread2" daemon [_thread_blocked, id=2524, stack(0x00000086b9c00000,0x00000086b9d00000)]
  0x0000020dc45499e0 JavaThread "RMI TCP Connection(53)-127.0.0.1" daemon [_thread_blocked, id=3764, stack(0x00000086b8100000,0x00000086b8200000)]
  0x0000020dc454b840 JavaThread "RMI TCP Connection(55)-127.0.0.1" daemon [_thread_blocked, id=8656, stack(0x00000086b8200000,0x00000086b8300000)]
  0x0000020dc454a400 JavaThread "RMI TCP Connection(56)-127.0.0.1" daemon [_thread_blocked, id=15240, stack(0x00000086b8900000,0x00000086b8a00000)]
  0x0000020dc454c770 JavaThread "RMI TCP Connection(54)-127.0.0.1" daemon [_thread_blocked, id=10356, stack(0x00000086b9d00000,0x00000086b9e00000)]
  0x0000020dc31d78e0 JavaThread "RMI TCP Connection(57)-127.0.0.1" daemon [_thread_blocked, id=9340, stack(0x00000086b9f00000,0x00000086ba000000)]
  0x0000020dc454a910 JavaThread "RMI TCP Connection(59)-127.0.0.1" daemon [_thread_blocked, id=15296, stack(0x00000086ba100000,0x00000086ba200000)]
  0x0000020dc454b330 JavaThread "RMI TCP Connection(61)-127.0.0.1" daemon [_thread_blocked, id=18916, stack(0x00000086ba200000,0x00000086ba300000)]
  0x0000020e00966810 JavaThread "RMI TCP Connection(58)-127.0.0.1" daemon [_thread_blocked, id=15644, stack(0x00000086ba400000,0x00000086ba500000)]
  0x0000020e00964ec0 JavaThread "RMI TCP Connection(60)-127.0.0.1" daemon [_thread_blocked, id=6812, stack(0x00000086ba500000,0x00000086ba600000)]
  0x0000020e00963060 JavaThread "RMI TCP Connection(62)-127.0.0.1" daemon [_thread_blocked, id=12092, stack(0x00000086ba900000,0x00000086baa00000)]
  0x0000020dc1310c10 JavaThread "RMI TCP Connection(63)-127.0.0.1" daemon [_thread_blocked, id=16372, stack(0x00000086baa00000,0x00000086bab00000)]
  0x0000020dc130f2c0 JavaThread "RMI TCP Connection(64)-127.0.0.1" daemon [_thread_blocked, id=1804, stack(0x00000086bab00000,0x00000086bac00000)]
  0x0000020dc1311b40 JavaThread "RMI TCP Connection(65)-127.0.0.1" daemon [_thread_blocked, id=16216, stack(0x00000086bad00000,0x00000086bae00000)]
  0x0000020dc1312a70 JavaThread "RMI TCP Connection(67)-127.0.0.1" daemon [_thread_blocked, id=17660, stack(0x00000086bae00000,0x00000086baf00000)]
  0x0000020dc130fce0 JavaThread "RMI TCP Connection(68)-127.0.0.1" daemon [_thread_blocked, id=5592, stack(0x00000086baf00000,0x00000086bb000000)]
  0x0000020dc38790a0 JavaThread "RMI TCP Connection(66)-127.0.0.1" daemon [_thread_blocked, id=17120, stack(0x00000086bb000000,0x00000086bb100000)]
  0x0000020dca4efef0 JavaThread "RMI TCP Connection(69)-127.0.0.1" daemon [_thread_blocked, id=17504, stack(0x00000086bb200000,0x00000086bb300000)]
  0x0000020dc4b182e0 JavaThread "RMI TCP Connection(70)-127.0.0.1" daemon [_thread_blocked, id=15652, stack(0x00000086bb300000,0x00000086bb400000)]
  0x0000020dcab7ef10 JavaThread "RMI TCP Connection(71)-127.0.0.1" daemon [_thread_blocked, id=1284, stack(0x00000086bb400000,0x00000086bb500000)]
  0x0000020dca4ee5a0 JavaThread "RMI RenewClean-[127.0.0.1:17806,org.jetbrains.kotlin.daemon.common.LoopbackNetworkInterface$ClientLoopbackSocketFactory@66210ee6]" daemon [_thread_blocked, id=17664, stack(0x00000086bb500000,0x00000086bb600000)]
  0x0000020dcab80d70 JavaThread "RMI RenewClean-[127.0.0.1:17806,org.jetbrains.kotlin.daemon.common.LoopbackNetworkInterface$ClientLoopbackSocketFactory@1142ea16]" daemon [_thread_blocked, id=15452, stack(0x00000086bb600000,0x00000086bb700000)]
  0x0000020dc31d6ec0 JavaThread "RMI TCP Connection(72)-127.0.0.1" daemon [_thread_blocked, id=15544, stack(0x00000086bb700000,0x00000086bb800000)]
  0x0000020dc454c260 JavaThread "RMI TCP Connection(73)-127.0.0.1" daemon [_thread_blocked, id=14660, stack(0x00000086bb800000,0x00000086bb900000)]
  0x0000020dc4b178c0 JavaThread "RMI RenewClean-[127.0.0.1:17806,org.jetbrains.kotlin.daemon.common.LoopbackNetworkInterface$ClientLoopbackSocketFactory@46806776]" daemon [_thread_blocked, id=18324, stack(0x00000086bb900000,0x00000086bba00000)]
  0x0000020dc4b17dd0 JavaThread "RMI TCP Connection(74)-127.0.0.1" daemon [_thread_blocked, id=18176, stack(0x00000086bba00000,0x00000086bbb00000)]

Other Threads:
=>0x0000020df7b869c0 VMThread "VM Thread" [stack: 0x00000086ade00000,0x00000086adf00000] [id=11380]
  0x0000020dd51ddef0 WatcherThread [stack: 0x00000086aea00000,0x00000086aeb00000] [id=4796]
  0x0000020dd5248150 GCTaskThread "GC Thread#0" [stack: 0x00000086ad900000,0x00000086ada00000] [id=18564]
  0x0000020dfd97bc30 GCTaskThread "GC Thread#1" [stack: 0x00000086aed00000,0x00000086aee00000] [id=9672]
  0x0000020dfd97ff70 GCTaskThread "GC Thread#2" [stack: 0x00000086aee00000,0x00000086aef00000] [id=7340]
  0x0000020dfe0a5400 GCTaskThread "GC Thread#3" [stack: 0x00000086aef00000,0x00000086af000000] [id=18400]
  0x0000020dfd343a30 GCTaskThread "GC Thread#4" [stack: 0x00000086af000000,0x00000086af100000] [id=18820]
  0x0000020dfd343cf0 GCTaskThread "GC Thread#5" [stack: 0x00000086af900000,0x00000086afa00000] [id=9900]
  0x0000020dfd342c70 GCTaskThread "GC Thread#6" [stack: 0x00000086afa00000,0x00000086afb00000] [id=7200]
  0x0000020dfd3431f0 GCTaskThread "GC Thread#7" [stack: 0x00000086afb00000,0x00000086afc00000] [id=6428]
  0x0000020dd5259110 ConcurrentGCThread "G1 Main Marker" [stack: 0x00000086ada00000,0x00000086adb00000] [id=17784]
  0x0000020dd525b5d0 ConcurrentGCThread "G1 Conc#0" [stack: 0x00000086adb00000,0x00000086adc00000] [id=1184]
  0x0000020dfd3434b0 ConcurrentGCThread "G1 Conc#1" [stack: 0x00000086b0400000,0x00000086b0500000] [id=10636]
  0x0000020df7a3d6c0 ConcurrentGCThread "G1 Refine#0" [stack: 0x00000086adc00000,0x00000086add00000] [id=7976]
  0x0000020dff5b4e60 ConcurrentGCThread "G1 Refine#1" [stack: 0x00000086b1d00000,0x00000086b1e00000] [id=10044]
  0x0000020dff5b5d10 ConcurrentGCThread "G1 Refine#2" [stack: 0x00000086b1e00000,0x00000086b1f00000] [id=16092]
  0x0000020dff5b7780 ConcurrentGCThread "G1 Refine#3" [stack: 0x00000086b1f00000,0x00000086b2000000] [id=18556]
  0x0000020dc163b7e0 ConcurrentGCThread "G1 Refine#4" [stack: 0x00000086ad600000,0x00000086ad700000] [id=19336]
  0x0000020dc2257db0 ConcurrentGCThread "G1 Refine#5" [stack: 0x00000086ad700000,0x00000086ad800000] [id=19128]
  0x0000020df7a3dda0 ConcurrentGCThread "G1 Service" [stack: 0x00000086add00000,0x00000086ade00000] [id=13956]

Threads with active compile tasks:
C2 CompilerThread0  231538 46835       4       com.sun.tools.javac.file.PathFileObject::forDirectoryPath (12 bytes)
C2 CompilerThread1  231538 46834       4       com.sun.tools.javac.comp.Annotate::annotateLater (41 bytes)
C2 CompilerThread2  231538 46779       4       com.sun.tools.javac.comp.Resolve::isAccessible (394 bytes)

VM state: at safepoint (normal execution)

VM Mutex/Monitor currently owned by a thread:  ([mutex/lock_event])
[0x0000020dd51c5cf0] Threads_lock - owner thread: 0x0000020df7b869c0
[0x0000020dd2deb9a0] Heap_lock - owner thread: 0x0000020dfe147340

Heap address: 0x0000000700000000, size: 4096 MB, Compressed Oops mode: Zero based, Oop shift amount: 3

CDS archive(s) mapped at: [0x0000020d80000000-0x0000020d80bb0000-0x0000020d80bb0000), size 12255232, SharedBaseAddress: 0x0000020d80000000, ArchiveRelocationMode: 1.
Compressed class space mapped at: 0x0000020d81000000-0x0000020dc1000000, reserved size: 1073741824
Narrow klass base: 0x0000020d80000000, Narrow klass shift: 0, Narrow klass range: 0x100000000

GC Precious Log:
 CPUs: 8 total, 8 available
 Memory: 8083M
 Large Page Support: Disabled
 NUMA Support: Disabled
 Compressed Oops: Enabled (Zero based)
 Heap Region Size: 2M
 Heap Min Capacity: 8M
 Heap Initial Capacity: 128M
 Heap Max Capacity: 4G
 Pre-touch: Disabled
 Parallel Workers: 8
 Concurrent Workers: 2
 Concurrent Refinement Workers: 8
 Periodic GC: Disabled

Heap:
 garbage-first heap   total 1585152K, used 662730K [0x0000000700000000, 0x0000000800000000)
  region size 2048K, 5 young (10240K), 5 survivors (10240K)
 Metaspace       used 272787K, committed 275712K, reserved 1310720K
  class space    used 34230K, committed 35520K, reserved 1048576K

Heap Regions: E=young(eden), S=young(survivor), O=old, HS=humongous(starts), HC=humongous(continues), CS=collection set, F=free, OA=open archive, CA=closed archive, TAMS=top-at-mark-start (previous, next)
|   0|0x0000000700000000, 0x0000000700200000, 0x0000000700200000|100%|HS|  |TAMS 0x0000000700200000, 0x0000000700000000| Complete 
|   1|0x0000000700200000, 0x0000000700400000, 0x0000000700400000|100%|HC|  |TAMS 0x0000000700400000, 0x0000000700200000| Complete 
|   2|0x0000000700400000, 0x0000000700600000, 0x0000000700600000|100%| O|  |TAMS 0x0000000700600000, 0x0000000700400000| Untracked 
|   3|0x0000000700600000, 0x0000000700800000, 0x0000000700800000|100%| O|  |TAMS 0x0000000700800000, 0x0000000700600000| Untracked 
|   4|0x0000000700800000, 0x0000000700a00000, 0x0000000700a00000|100%| O|  |TAMS 0x0000000700a00000, 0x0000000700800000| Untracked 
|   5|0x0000000700a00000, 0x0000000700c00000, 0x0000000700c00000|100%| O|  |TAMS 0x0000000700c00000, 0x0000000700a00000| Untracked 
|   6|0x0000000700c00000, 0x0000000700e00000, 0x0000000700e00000|100%| O|  |TAMS 0x0000000700e00000, 0x0000000700c00000| Untracked 
|   7|0x0000000700e00000, 0x0000000701000000, 0x0000000701000000|100%| O|  |TAMS 0x0000000701000000, 0x0000000700e00000| Untracked 
|   8|0x0000000701000000, 0x0000000701200000, 0x0000000701200000|100%| O|  |TAMS 0x0000000701200000, 0x0000000701000000| Untracked 
|   9|0x0000000701200000, 0x0000000701400000, 0x0000000701400000|100%| O|  |TAMS 0x0000000701400000, 0x0000000701200000| Untracked 
|  10|0x0000000701400000, 0x0000000701600000, 0x0000000701600000|100%| O|  |TAMS 0x0000000701600000, 0x0000000701400000| Untracked 
|  11|0x0000000701600000, 0x0000000701800000, 0x0000000701800000|100%| O|  |TAMS 0x0000000701800000, 0x0000000701600000| Untracked 
|  12|0x0000000701800000, 0x0000000701a00000, 0x0000000701a00000|100%| O|  |TAMS 0x0000000701a00000, 0x0000000701800000| Untracked 
|  13|0x0000000701a00000, 0x0000000701c00000, 0x0000000701c00000|100%| O|  |TAMS 0x0000000701c00000, 0x0000000701a00000| Untracked 
|  14|0x0000000701c00000, 0x0000000701e00000, 0x0000000701e00000|100%| O|  |TAMS 0x0000000701e00000, 0x0000000701c00000| Untracked 
|  15|0x0000000701e00000, 0x0000000702000000, 0x0000000702000000|100%| O|  |TAMS 0x0000000702000000, 0x0000000701e00000| Untracked 
|  16|0x0000000702000000, 0x0000000702200000, 0x0000000702200000|100%| O|  |TAMS 0x0000000702200000, 0x0000000702000000| Untracked 
|  17|0x0000000702200000, 0x0000000702400000, 0x0000000702400000|100%| O|  |TAMS 0x0000000702400000, 0x0000000702200000| Untracked 
|  18|0x0000000702400000, 0x0000000702600000, 0x0000000702600000|100%| O|  |TAMS 0x0000000702600000, 0x0000000702400000| Untracked 
|  19|0x0000000702600000, 0x0000000702800000, 0x0000000702800000|100%| O|  |TAMS 0x0000000702800000, 0x0000000702600000| Untracked 
|  20|0x0000000702800000, 0x0000000702a00000, 0x0000000702a00000|100%| O|  |TAMS 0x0000000702a00000, 0x0000000702800000| Untracked 
|  21|0x0000000702a00000, 0x0000000702c00000, 0x0000000702c00000|100%|HS|  |TAMS 0x0000000702c00000, 0x0000000702a00000| Complete 
|  22|0x0000000702c00000, 0x0000000702e00000, 0x0000000702e00000|100%|HS|  |TAMS 0x0000000702e00000, 0x0000000702c00000| Complete 
|  23|0x0000000702e00000, 0x0000000703000000, 0x0000000703000000|100%|HC|  |TAMS 0x0000000703000000, 0x0000000702e00000| Complete 
|  24|0x0000000703000000, 0x0000000703200000, 0x0000000703200000|100%| O|  |TAMS 0x0000000703200000, 0x0000000703000000| Untracked 
|  25|0x0000000703200000, 0x0000000703400000, 0x0000000703400000|100%| O|  |TAMS 0x0000000703400000, 0x0000000703200000| Untracked 
|  26|0x0000000703400000, 0x0000000703600000, 0x0000000703600000|100%|HS|  |TAMS 0x0000000703600000, 0x0000000703400000| Complete 
|  27|0x0000000703600000, 0x0000000703800000, 0x0000000703800000|100%| O|  |TAMS 0x0000000703800000, 0x0000000703600000| Untracked 
|  28|0x0000000703800000, 0x0000000703a00000, 0x0000000703a00000|100%| O|  |TAMS 0x0000000703a00000, 0x0000000703800000| Untracked 
|  29|0x0000000703a00000, 0x0000000703c00000, 0x0000000703c00000|100%| O|  |TAMS 0x0000000703c00000, 0x0000000703a00000| Untracked 
|  30|0x0000000703c00000, 0x0000000703e00000, 0x0000000703e00000|100%| O|  |TAMS 0x0000000703e00000, 0x0000000703c00000| Untracked 
|  31|0x0000000703e00000, 0x0000000704000000, 0x0000000704000000|100%| O|  |TAMS 0x0000000704000000, 0x0000000703e00000| Untracked 
|  32|0x0000000704000000, 0x0000000704200000, 0x0000000704200000|100%| O|  |TAMS 0x0000000704200000, 0x0000000704000000| Untracked 
|  33|0x0000000704200000, 0x0000000704400000, 0x0000000704400000|100%| O|  |TAMS 0x0000000704400000, 0x0000000704200000| Untracked 
|  34|0x0000000704400000, 0x0000000704600000, 0x0000000704600000|100%| O|  |TAMS 0x0000000704600000, 0x0000000704400000| Untracked 
|  35|0x0000000704600000, 0x0000000704800000, 0x0000000704800000|100%| O|  |TAMS 0x0000000704800000, 0x0000000704600000| Untracked 
|  36|0x0000000704800000, 0x0000000704a00000, 0x0000000704a00000|100%| O|  |TAMS 0x0000000704a00000, 0x0000000704800000| Untracked 
|  37|0x0000000704a00000, 0x0000000704c00000, 0x0000000704c00000|100%|HS|  |TAMS 0x0000000704c00000, 0x0000000704a00000| Complete 
|  38|0x0000000704c00000, 0x0000000704e00000, 0x0000000704e00000|100%|HC|  |TAMS 0x0000000704e00000, 0x0000000704c00000| Complete 
|  39|0x0000000704e00000, 0x0000000705000000, 0x0000000705000000|100%| O|  |TAMS 0x0000000705000000, 0x0000000704e00000| Untracked 
|  40|0x0000000705000000, 0x0000000705200000, 0x0000000705200000|100%| O|  |TAMS 0x0000000705200000, 0x0000000705000000| Untracked 
|  41|0x0000000705200000, 0x0000000705400000, 0x0000000705400000|100%| O|  |TAMS 0x0000000705400000, 0x0000000705200000| Untracked 
|  42|0x0000000705400000, 0x0000000705600000, 0x0000000705600000|100%| O|  |TAMS 0x0000000705600000, 0x0000000705400000| Untracked 
|  43|0x0000000705600000, 0x0000000705800000, 0x0000000705800000|100%| O|  |TAMS 0x0000000705800000, 0x0000000705600000| Untracked 
|  44|0x0000000705800000, 0x0000000705a00000, 0x0000000705a00000|100%| O|  |TAMS 0x0000000705a00000, 0x0000000705800000| Untracked 
|  45|0x0000000705a00000, 0x0000000705c00000, 0x0000000705c00000|100%| O|  |TAMS 0x0000000705c00000, 0x0000000705a00000| Untracked 
|  46|0x0000000705c00000, 0x0000000705e00000, 0x0000000705e00000|100%| O|  |TAMS 0x0000000705e00000, 0x0000000705c00000| Untracked 
|  47|0x0000000705e00000, 0x0000000706000000, 0x0000000706000000|100%| O|  |TAMS 0x0000000706000000, 0x0000000705e00000| Untracked 
|  48|0x0000000706000000, 0x0000000706200000, 0x0000000706200000|100%| O|  |TAMS 0x0000000706200000, 0x0000000706000000| Untracked 
|  49|0x0000000706200000, 0x0000000706400000, 0x0000000706400000|100%| O|  |TAMS 0x0000000706400000, 0x0000000706200000| Untracked 
|  50|0x0000000706400000, 0x0000000706600000, 0x0000000706600000|100%| O|  |TAMS 0x0000000706600000, 0x0000000706400000| Untracked 
|  51|0x0000000706600000, 0x0000000706800000, 0x0000000706800000|100%| O|  |TAMS 0x0000000706800000, 0x0000000706600000| Untracked 
|  52|0x0000000706800000, 0x0000000706a00000, 0x0000000706a00000|100%| O|  |TAMS 0x0000000706a00000, 0x0000000706800000| Untracked 
|  53|0x0000000706a00000, 0x0000000706c00000, 0x0000000706c00000|100%| O|  |TAMS 0x0000000706c00000, 0x0000000706a00000| Untracked 
|  54|0x0000000706c00000, 0x0000000706e00000, 0x0000000706e00000|100%|HS|  |TAMS 0x0000000706c00000, 0x0000000706c00000| Complete 
|  55|0x0000000706e00000, 0x0000000707000000, 0x0000000707000000|100%| O|  |TAMS 0x0000000707000000, 0x0000000706e00000| Untracked 
|  56|0x0000000707000000, 0x0000000707200000, 0x0000000707200000|100%| O|  |TAMS 0x0000000707200000, 0x0000000707000000| Untracked 
|  57|0x0000000707200000, 0x0000000707400000, 0x0000000707400000|100%| O|  |TAMS 0x0000000707400000, 0x0000000707200000| Untracked 
|  58|0x0000000707400000, 0x0000000707600000, 0x0000000707600000|100%| O|  |TAMS 0x0000000707600000, 0x0000000707400000| Untracked 
|  59|0x0000000707600000, 0x0000000707800000, 0x0000000707800000|100%| O|  |TAMS 0x0000000707800000, 0x0000000707600000| Untracked 
|  60|0x0000000707800000, 0x0000000707a00000, 0x0000000707a00000|100%| O|  |TAMS 0x0000000707a00000, 0x0000000707800000| Untracked 
|  61|0x0000000707a00000, 0x0000000707c00000, 0x0000000707c00000|100%| O|  |TAMS 0x0000000707c00000, 0x0000000707a00000| Untracked 
|  62|0x0000000707c00000, 0x0000000707e00000, 0x0000000707e00000|100%| O|  |TAMS 0x0000000707e00000, 0x0000000707c00000| Untracked 
|  63|0x0000000707e00000, 0x0000000708000000, 0x0000000708000000|100%| O|  |TAMS 0x0000000708000000, 0x0000000707e00000| Untracked 
|  64|0x0000000708000000, 0x0000000708200000, 0x0000000708200000|100%| O|  |TAMS 0x0000000708200000, 0x0000000708000000| Untracked 
|  65|0x0000000708200000, 0x0000000708400000, 0x0000000708400000|100%| O|  |TAMS 0x0000000708400000, 0x0000000708200000| Untracked 
|  66|0x0000000708400000, 0x0000000708600000, 0x0000000708600000|100%| O|  |TAMS 0x0000000708600000, 0x0000000708400000| Untracked 
|  67|0x0000000708600000, 0x0000000708800000, 0x0000000708800000|100%| O|  |TAMS 0x0000000708800000, 0x0000000708600000| Untracked 
|  68|0x0000000708800000, 0x0000000708a00000, 0x0000000708a00000|100%| O|  |TAMS 0x0000000708a00000, 0x0000000708800000| Untracked 
|  69|0x0000000708a00000, 0x0000000708c00000, 0x0000000708c00000|100%| O|  |TAMS 0x0000000708c00000, 0x0000000708a00000| Untracked 
|  70|0x0000000708c00000, 0x0000000708e00000, 0x0000000708e00000|100%| O|  |TAMS 0x0000000708e00000, 0x0000000708c00000| Untracked 
|  71|0x0000000708e00000, 0x0000000709000000, 0x0000000709000000|100%| O|  |TAMS 0x0000000709000000, 0x0000000708e00000| Untracked 
|  72|0x0000000709000000, 0x0000000709200000, 0x0000000709200000|100%| O|  |TAMS 0x0000000709200000, 0x0000000709000000| Untracked 
|  73|0x0000000709200000, 0x0000000709400000, 0x0000000709400000|100%| O|  |TAMS 0x0000000709400000, 0x0000000709200000| Untracked 
|  74|0x0000000709400000, 0x0000000709600000, 0x0000000709600000|100%| O|  |TAMS 0x0000000709600000, 0x0000000709400000| Untracked 
|  75|0x0000000709600000, 0x0000000709800000, 0x0000000709800000|100%| O|  |TAMS 0x0000000709800000, 0x0000000709600000| Untracked 
|  76|0x0000000709800000, 0x0000000709a00000, 0x0000000709a00000|100%| O|  |TAMS 0x0000000709a00000, 0x0000000709800000| Untracked 
|  77|0x0000000709a00000, 0x0000000709c00000, 0x0000000709c00000|100%| O|  |TAMS 0x0000000709c00000, 0x0000000709a00000| Untracked 
|  78|0x0000000709c00000, 0x0000000709e00000, 0x0000000709e00000|100%| O|  |TAMS 0x0000000709e00000, 0x0000000709c00000| Untracked 
|  79|0x0000000709e00000, 0x000000070a000000, 0x000000070a000000|100%|HS|  |TAMS 0x0000000709e00000, 0x0000000709e00000| Complete 
|  80|0x000000070a000000, 0x000000070a200000, 0x000000070a200000|100%| O|  |TAMS 0x000000070a200000, 0x000000070a000000| Untracked 
|  81|0x000000070a200000, 0x000000070a400000, 0x000000070a400000|100%| O|  |TAMS 0x000000070a400000, 0x000000070a200000| Untracked 
|  82|0x000000070a400000, 0x000000070a600000, 0x000000070a600000|100%| O|  |TAMS 0x000000070a600000, 0x000000070a400000| Untracked 
|  83|0x000000070a600000, 0x000000070a800000, 0x000000070a800000|100%| O|  |TAMS 0x000000070a800000, 0x000000070a600000| Untracked 
|  84|0x000000070a800000, 0x000000070aa00000, 0x000000070aa00000|100%| O|  |TAMS 0x000000070aa00000, 0x000000070a800000| Untracked 
|  85|0x000000070aa00000, 0x000000070ac00000, 0x000000070ac00000|100%| O|  |TAMS 0x000000070ac00000, 0x000000070aa00000| Untracked 
|  86|0x000000070ac00000, 0x000000070ae00000, 0x000000070ae00000|100%| O|  |TAMS 0x000000070ae00000, 0x000000070ac00000| Untracked 
|  87|0x000000070ae00000, 0x000000070b000000, 0x000000070b000000|100%| O|  |TAMS 0x000000070b000000, 0x000000070ae00000| Untracked 
|  88|0x000000070b000000, 0x000000070b200000, 0x000000070b200000|100%| O|  |TAMS 0x000000070b200000, 0x000000070b000000| Untracked 
|  89|0x000000070b200000, 0x000000070b400000, 0x000000070b400000|100%| O|  |TAMS 0x000000070b400000, 0x000000070b200000| Untracked 
|  90|0x000000070b400000, 0x000000070b600000, 0x000000070b600000|100%| O|  |TAMS 0x000000070b600000, 0x000000070b400000| Untracked 
|  91|0x000000070b600000, 0x000000070b800000, 0x000000070b800000|100%| O|  |TAMS 0x000000070b800000, 0x000000070b600000| Untracked 
|  92|0x000000070b800000, 0x000000070ba00000, 0x000000070ba00000|100%| O|  |TAMS 0x000000070ba00000, 0x000000070b800000| Untracked 
|  93|0x000000070ba00000, 0x000000070bc00000, 0x000000070bc00000|100%| O|  |TAMS 0x000000070bc00000, 0x000000070ba00000| Untracked 
|  94|0x000000070bc00000, 0x000000070be00000, 0x000000070be00000|100%| O|  |TAMS 0x000000070be00000, 0x000000070bc00000| Untracked 
|  95|0x000000070be00000, 0x000000070c000000, 0x000000070c000000|100%| O|  |TAMS 0x000000070c000000, 0x000000070be00000| Untracked 
|  96|0x000000070c000000, 0x000000070c200000, 0x000000070c200000|100%| O|  |TAMS 0x000000070c200000, 0x000000070c000000| Untracked 
|  97|0x000000070c200000, 0x000000070c400000, 0x000000070c400000|100%| O|  |TAMS 0x000000070c400000, 0x000000070c200000| Untracked 
|  98|0x000000070c400000, 0x000000070c600000, 0x000000070c600000|100%| O|  |TAMS 0x000000070c600000, 0x000000070c400000| Untracked 
|  99|0x000000070c600000, 0x000000070c800000, 0x000000070c800000|100%| O|  |TAMS 0x000000070c800000, 0x000000070c600000| Untracked 
| 100|0x000000070c800000, 0x000000070ca00000, 0x000000070ca00000|100%| O|  |TAMS 0x000000070ca00000, 0x000000070c800000| Untracked 
| 101|0x000000070ca00000, 0x000000070cc00000, 0x000000070cc00000|100%| O|  |TAMS 0x000000070cc00000, 0x000000070ca00000| Untracked 
| 102|0x000000070cc00000, 0x000000070ce00000, 0x000000070ce00000|100%| O|  |TAMS 0x000000070ce00000, 0x000000070cc00000| Untracked 
| 103|0x000000070ce00000, 0x000000070d000000, 0x000000070d000000|100%| O|  |TAMS 0x000000070d000000, 0x000000070ce00000| Untracked 
| 104|0x000000070d000000, 0x000000070d200000, 0x000000070d200000|100%| O|  |TAMS 0x000000070d200000, 0x000000070d000000| Untracked 
| 105|0x000000070d200000, 0x000000070d400000, 0x000000070d400000|100%|HS|  |TAMS 0x000000070d400000, 0x000000070d200000| Complete 
| 106|0x000000070d400000, 0x000000070d600000, 0x000000070d600000|100%| O|  |TAMS 0x000000070d600000, 0x000000070d400000| Untracked 
| 107|0x000000070d600000, 0x000000070d800000, 0x000000070d800000|100%| O|  |TAMS 0x000000070d800000, 0x000000070d600000| Untracked 
| 108|0x000000070d800000, 0x000000070da00000, 0x000000070da00000|100%| O|  |TAMS 0x000000070da00000, 0x000000070d800000| Untracked 
| 109|0x000000070da00000, 0x000000070dc00000, 0x000000070dc00000|100%| O|  |TAMS 0x000000070dc00000, 0x000000070da00000| Untracked 
| 110|0x000000070dc00000, 0x000000070de00000, 0x000000070de00000|100%| O|  |TAMS 0x000000070de00000, 0x000000070dc00000| Untracked 
| 111|0x000000070de00000, 0x000000070e000000, 0x000000070e000000|100%| O|  |TAMS 0x000000070e000000, 0x000000070de00000| Untracked 
| 112|0x000000070e000000, 0x000000070e200000, 0x000000070e200000|100%| O|  |TAMS 0x000000070e200000, 0x000000070e000000| Untracked 
| 113|0x000000070e200000, 0x000000070e400000, 0x000000070e400000|100%| O|  |TAMS 0x000000070e400000, 0x000000070e200000| Untracked 
| 114|0x000000070e400000, 0x000000070e600000, 0x000000070e600000|100%| O|  |TAMS 0x000000070e600000, 0x000000070e400000| Untracked 
| 115|0x000000070e600000, 0x000000070e800000, 0x000000070e800000|100%|HS|  |TAMS 0x000000070e600000, 0x000000070e600000| Complete 
| 116|0x000000070e800000, 0x000000070ea00000, 0x000000070ea00000|100%| O|  |TAMS 0x000000070e800000, 0x000000070e800000| Untracked 
| 117|0x000000070ea00000, 0x000000070ec00000, 0x000000070ec00000|100%| O|  |TAMS 0x000000070ec00000, 0x000000070ea00000| Untracked 
| 118|0x000000070ec00000, 0x000000070ee00000, 0x000000070ee00000|100%| O|  |TAMS 0x000000070ee00000, 0x000000070ec00000| Untracked 
| 119|0x000000070ee00000, 0x000000070f000000, 0x000000070f000000|100%| O|  |TAMS 0x000000070f000000, 0x000000070ee00000| Untracked 
| 120|0x000000070f000000, 0x000000070f200000, 0x000000070f200000|100%| O|  |TAMS 0x000000070f200000, 0x000000070f000000| Untracked 
| 121|0x000000070f200000, 0x000000070f400000, 0x000000070f400000|100%| O|  |TAMS 0x000000070f400000, 0x000000070f200000| Untracked 
| 122|0x000000070f400000, 0x000000070f600000, 0x000000070f600000|100%| O|  |TAMS 0x000000070f400000, 0x000000070f400000| Untracked 
| 123|0x000000070f600000, 0x000000070f800000, 0x000000070f800000|100%|HS|  |TAMS 0x000000070f600000, 0x000000070f600000| Complete 
| 124|0x000000070f800000, 0x000000070fa00000, 0x000000070fa00000|100%| O|  |TAMS 0x000000070f800000, 0x000000070f800000| Untracked 
| 125|0x000000070fa00000, 0x000000070fc00000, 0x000000070fc00000|100%| O|  |TAMS 0x000000070fc00000, 0x000000070fa00000| Untracked 
| 126|0x000000070fc00000, 0x000000070fe00000, 0x000000070fe00000|100%| O|  |TAMS 0x000000070fe00000, 0x000000070fc00000| Untracked 
| 127|0x000000070fe00000, 0x0000000710000000, 0x0000000710000000|100%| O|  |TAMS 0x0000000710000000, 0x000000070fe00000| Untracked 
| 128|0x0000000710000000, 0x0000000710200000, 0x0000000710200000|100%| O|  |TAMS 0x0000000710200000, 0x0000000710000000| Untracked 
| 129|0x0000000710200000, 0x0000000710400000, 0x0000000710400000|100%| O|  |TAMS 0x0000000710400000, 0x0000000710200000| Untracked 
| 130|0x0000000710400000, 0x0000000710600000, 0x0000000710600000|100%| O|  |TAMS 0x0000000710600000, 0x0000000710400000| Untracked 
| 131|0x0000000710600000, 0x0000000710800000, 0x0000000710800000|100%| O|  |TAMS 0x0000000710800000, 0x0000000710600000| Untracked 
| 132|0x0000000710800000, 0x0000000710a00000, 0x0000000710a00000|100%| O|  |TAMS 0x0000000710a00000, 0x0000000710800000| Untracked 
| 133|0x0000000710a00000, 0x0000000710c00000, 0x0000000710c00000|100%| O|  |TAMS 0x0000000710c00000, 0x0000000710a00000| Untracked 
| 134|0x0000000710c00000, 0x0000000710e00000, 0x0000000710e00000|100%| O|  |TAMS 0x0000000710e00000, 0x0000000710c00000| Untracked 
| 135|0x0000000710e00000, 0x0000000711000000, 0x0000000711000000|100%| O|  |TAMS 0x0000000711000000, 0x0000000710e00000| Untracked 
| 136|0x0000000711000000, 0x0000000711200000, 0x0000000711200000|100%| O|  |TAMS 0x0000000711200000, 0x0000000711000000| Untracked 
| 137|0x0000000711200000, 0x0000000711400000, 0x0000000711400000|100%| O|  |TAMS 0x0000000711400000, 0x0000000711200000| Untracked 
| 138|0x0000000711400000, 0x0000000711600000, 0x0000000711600000|100%| O|  |TAMS 0x0000000711600000, 0x0000000711400000| Untracked 
| 139|0x0000000711600000, 0x0000000711800000, 0x0000000711800000|100%| O|  |TAMS 0x0000000711800000, 0x0000000711600000| Untracked 
| 140|0x0000000711800000, 0x0000000711a00000, 0x0000000711a00000|100%| O|  |TAMS 0x0000000711a00000, 0x0000000711800000| Untracked 
| 141|0x0000000711a00000, 0x0000000711c00000, 0x0000000711c00000|100%| O|  |TAMS 0x0000000711c00000, 0x0000000711a00000| Untracked 
| 142|0x0000000711c00000, 0x0000000711e00000, 0x0000000711e00000|100%| O|  |TAMS 0x0000000711e00000, 0x0000000711c00000| Untracked 
| 143|0x0000000711e00000, 0x0000000712000000, 0x0000000712000000|100%| O|  |TAMS 0x0000000712000000, 0x0000000711e00000| Untracked 
| 144|0x0000000712000000, 0x0000000712200000, 0x0000000712200000|100%| O|  |TAMS 0x0000000712200000, 0x0000000712000000| Untracked 
| 145|0x0000000712200000, 0x0000000712400000, 0x0000000712400000|100%| O|  |TAMS 0x0000000712400000, 0x0000000712200000| Untracked 
| 146|0x0000000712400000, 0x0000000712600000, 0x0000000712600000|100%| O|  |TAMS 0x0000000712600000, 0x0000000712400000| Untracked 
| 147|0x0000000712600000, 0x0000000712800000, 0x0000000712800000|100%| O|  |TAMS 0x0000000712800000, 0x0000000712600000| Untracked 
| 148|0x0000000712800000, 0x0000000712a00000, 0x0000000712a00000|100%| O|  |TAMS 0x0000000712a00000, 0x0000000712800000| Untracked 
| 149|0x0000000712a00000, 0x0000000712c00000, 0x0000000712c00000|100%| O|  |TAMS 0x0000000712c00000, 0x0000000712a00000| Untracked 
| 150|0x0000000712c00000, 0x0000000712e00000, 0x0000000712e00000|100%| O|  |TAMS 0x0000000712e00000, 0x0000000712c00000| Untracked 
| 151|0x0000000712e00000, 0x0000000713000000, 0x0000000713000000|100%| O|  |TAMS 0x0000000713000000, 0x0000000712e00000| Untracked 
| 152|0x0000000713000000, 0x0000000713200000, 0x0000000713200000|100%| O|  |TAMS 0x0000000713200000, 0x0000000713000000| Untracked 
| 153|0x0000000713200000, 0x0000000713400000, 0x0000000713400000|100%| O|  |TAMS 0x0000000713400000, 0x0000000713200000| Untracked 
| 154|0x0000000713400000, 0x0000000713600000, 0x0000000713600000|100%| O|  |TAMS 0x0000000713600000, 0x0000000713400000| Untracked 
| 155|0x0000000713600000, 0x0000000713800000, 0x0000000713800000|100%| O|  |TAMS 0x0000000713800000, 0x0000000713600000| Untracked 
| 156|0x0000000713800000, 0x0000000713a00000, 0x0000000713a00000|100%| O|  |TAMS 0x0000000713a00000, 0x0000000713800000| Untracked 
| 157|0x0000000713a00000, 0x0000000713c00000, 0x0000000713c00000|100%| O|  |TAMS 0x0000000713c00000, 0x0000000713a00000| Untracked 
| 158|0x0000000713c00000, 0x0000000713e00000, 0x0000000713e00000|100%| O|  |TAMS 0x0000000713e00000, 0x0000000713c00000| Untracked 
| 159|0x0000000713e00000, 0x0000000714000000, 0x0000000714000000|100%| O|  |TAMS 0x0000000714000000, 0x0000000713e00000| Untracked 
| 160|0x0000000714000000, 0x0000000714200000, 0x0000000714200000|100%| O|  |TAMS 0x0000000714200000, 0x0000000714000000| Untracked 
| 161|0x0000000714200000, 0x0000000714400000, 0x0000000714400000|100%| O|  |TAMS 0x0000000714400000, 0x0000000714200000| Untracked 
| 162|0x0000000714400000, 0x0000000714600000, 0x0000000714600000|100%| O|  |TAMS 0x0000000714600000, 0x0000000714400000| Untracked 
| 163|0x0000000714600000, 0x0000000714800000, 0x0000000714800000|100%| O|  |TAMS 0x0000000714800000, 0x0000000714600000| Untracked 
| 164|0x0000000714800000, 0x0000000714a00000, 0x0000000714a00000|100%| O|  |TAMS 0x0000000714a00000, 0x0000000714800000| Untracked 
| 165|0x0000000714a00000, 0x0000000714c00000, 0x0000000714c00000|100%| O|  |TAMS 0x0000000714c00000, 0x0000000714a00000| Untracked 
| 166|0x0000000714c00000, 0x0000000714e00000, 0x0000000714e00000|100%| O|  |TAMS 0x0000000714e00000, 0x0000000714c00000| Untracked 
| 167|0x0000000714e00000, 0x0000000715000000, 0x0000000715000000|100%| O|  |TAMS 0x0000000714e00000, 0x0000000714e00000| Untracked 
| 168|0x0000000715000000, 0x0000000715200000, 0x0000000715200000|100%| O|  |TAMS 0x0000000715200000, 0x0000000715000000| Untracked 
| 169|0x0000000715200000, 0x0000000715400000, 0x0000000715400000|100%| O|  |TAMS 0x0000000715400000, 0x0000000715200000| Untracked 
| 170|0x0000000715400000, 0x0000000715600000, 0x0000000715600000|100%| O|  |TAMS 0x0000000715600000, 0x0000000715400000| Untracked 
| 171|0x0000000715600000, 0x0000000715800000, 0x0000000715800000|100%| O|  |TAMS 0x0000000715800000, 0x0000000715600000| Untracked 
| 172|0x0000000715800000, 0x0000000715a00000, 0x0000000715a00000|100%| O|  |TAMS 0x0000000715a00000, 0x0000000715800000| Untracked 
| 173|0x0000000715a00000, 0x0000000715c00000, 0x0000000715c00000|100%| O|  |TAMS 0x0000000715a00000, 0x0000000715a00000| Untracked 
| 174|0x0000000715c00000, 0x0000000715e00000, 0x0000000715e00000|100%| O|  |TAMS 0x0000000715c7e400, 0x0000000715c00000| Untracked 
| 175|0x0000000715e00000, 0x0000000716000000, 0x0000000716000000|100%|HS|  |TAMS 0x0000000716000000, 0x0000000715e00000| Complete 
| 176|0x0000000716000000, 0x0000000716200000, 0x0000000716200000|100%|HS|  |TAMS 0x0000000716200000, 0x0000000716000000| Complete 
| 177|0x0000000716200000, 0x0000000716400000, 0x0000000716400000|100%|HS|  |TAMS 0x0000000716400000, 0x0000000716200000| Complete 
| 178|0x0000000716400000, 0x0000000716600000, 0x0000000716600000|100%|HS|  |TAMS 0x0000000716600000, 0x0000000716400000| Complete 
| 179|0x0000000716600000, 0x0000000716800000, 0x0000000716800000|100%|HS|  |TAMS 0x0000000716800000, 0x0000000716600000| Complete 
| 180|0x0000000716800000, 0x0000000716a00000, 0x0000000716a00000|100%|HS|  |TAMS 0x0000000716a00000, 0x0000000716800000| Complete 
| 181|0x0000000716a00000, 0x0000000716c00000, 0x0000000716c00000|100%| O|  |TAMS 0x0000000716a00000, 0x0000000716a00000| Untracked 
| 182|0x0000000716c00000, 0x0000000716e00000, 0x0000000716e00000|100%| O|  |TAMS 0x0000000716c00000, 0x0000000716c00000| Untracked 
| 183|0x0000000716e00000, 0x0000000717000000, 0x0000000717000000|100%| O|  |TAMS 0x0000000716e00000, 0x0000000716e00000| Untracked 
| 184|0x0000000717000000, 0x0000000717200000, 0x0000000717200000|100%| O|  |TAMS 0x0000000717000000, 0x0000000717000000| Untracked 
| 185|0x0000000717200000, 0x0000000717400000, 0x0000000717400000|100%| O|  |TAMS 0x0000000717200000, 0x0000000717200000| Untracked 
| 186|0x0000000717400000, 0x0000000717600000, 0x0000000717600000|100%| O|  |TAMS 0x0000000717400000, 0x0000000717400000| Untracked 
| 187|0x0000000717600000, 0x0000000717800000, 0x0000000717800000|100%| O|  |TAMS 0x0000000717600000, 0x0000000717600000| Untracked 
| 188|0x0000000717800000, 0x0000000717a00000, 0x0000000717a00000|100%| O|  |TAMS 0x0000000717800000, 0x0000000717800000| Untracked 
| 189|0x0000000717a00000, 0x0000000717c00000, 0x0000000717c00000|100%| O|  |TAMS 0x0000000717a00000, 0x0000000717a00000| Untracked 
| 190|0x0000000717c00000, 0x0000000717e00000, 0x0000000717e00000|100%| O|  |TAMS 0x0000000717c00000, 0x0000000717c00000| Untracked 
| 191|0x0000000717e00000, 0x0000000718000000, 0x0000000718000000|100%| O|  |TAMS 0x0000000717e00000, 0x0000000717e00000| Untracked 
| 192|0x0000000718000000, 0x0000000718200000, 0x0000000718200000|100%| O|  |TAMS 0x0000000718000000, 0x0000000718000000| Untracked 
| 193|0x0000000718200000, 0x0000000718400000, 0x0000000718400000|100%| O|  |TAMS 0x0000000718200000, 0x0000000718200000| Untracked 
| 194|0x0000000718400000, 0x0000000718600000, 0x0000000718600000|100%| O|  |TAMS 0x0000000718400000, 0x0000000718400000| Untracked 
| 195|0x0000000718600000, 0x0000000718800000, 0x0000000718800000|100%| O|  |TAMS 0x0000000718600000, 0x0000000718600000| Untracked 
| 196|0x0000000718800000, 0x0000000718a00000, 0x0000000718a00000|100%| O|  |TAMS 0x0000000718800000, 0x0000000718800000| Untracked 
| 197|0x0000000718a00000, 0x0000000718c00000, 0x0000000718c00000|100%| O|  |TAMS 0x0000000718a00000, 0x0000000718a00000| Untracked 
| 198|0x0000000718c00000, 0x0000000718e00000, 0x0000000718e00000|100%| O|  |TAMS 0x0000000718c00000, 0x0000000718c00000| Untracked 
| 199|0x0000000718e00000, 0x0000000719000000, 0x0000000719000000|100%| O|  |TAMS 0x0000000718e00000, 0x0000000718e00000| Untracked 
| 200|0x0000000719000000, 0x0000000719200000, 0x0000000719200000|100%| O|  |TAMS 0x0000000719000000, 0x0000000719000000| Untracked 
| 201|0x0000000719200000, 0x0000000719400000, 0x0000000719400000|100%| O|  |TAMS 0x0000000719200000, 0x0000000719200000| Untracked 
| 202|0x0000000719400000, 0x0000000719600000, 0x0000000719600000|100%| O|  |TAMS 0x0000000719400000, 0x0000000719400000| Untracked 
| 203|0x0000000719600000, 0x0000000719800000, 0x0000000719800000|100%| O|  |TAMS 0x0000000719600000, 0x0000000719600000| Untracked 
| 204|0x0000000719800000, 0x0000000719a00000, 0x0000000719a00000|100%| O|  |TAMS 0x0000000719800000, 0x0000000719800000| Untracked 
| 205|0x0000000719a00000, 0x0000000719c00000, 0x0000000719c00000|100%| O|  |TAMS 0x0000000719a00000, 0x0000000719a00000| Untracked 
| 206|0x0000000719c00000, 0x0000000719e00000, 0x0000000719e00000|100%| O|  |TAMS 0x0000000719e00000, 0x0000000719c00000| Untracked 
| 207|0x0000000719e00000, 0x000000071a000000, 0x000000071a000000|100%| O|  |TAMS 0x0000000719e00000, 0x0000000719e00000| Untracked 
| 208|0x000000071a000000, 0x000000071a200000, 0x000000071a200000|100%| O|  |TAMS 0x000000071a000000, 0x000000071a000000| Untracked 
| 209|0x000000071a200000, 0x000000071a400000, 0x000000071a400000|100%| O|  |TAMS 0x000000071a200000, 0x000000071a200000| Untracked 
| 210|0x000000071a400000, 0x000000071a600000, 0x000000071a600000|100%|HS|  |TAMS 0x000000071a400000, 0x000000071a400000| Complete 
| 211|0x000000071a600000, 0x000000071a800000, 0x000000071a800000|100%| O|  |TAMS 0x000000071a600000, 0x000000071a600000| Untracked 
| 212|0x000000071a800000, 0x000000071aa00000, 0x000000071aa00000|100%| O|  |TAMS 0x000000071a800000, 0x000000071a800000| Untracked 
| 213|0x000000071aa00000, 0x000000071ac00000, 0x000000071ac00000|100%| O|  |TAMS 0x000000071aa00000, 0x000000071aa00000| Untracked 
| 214|0x000000071ac00000, 0x000000071ae00000, 0x000000071ae00000|100%| O|  |TAMS 0x000000071ac00000, 0x000000071ac00000| Untracked 
| 215|0x000000071ae00000, 0x000000071b000000, 0x000000071b000000|100%| O|  |TAMS 0x000000071ae00000, 0x000000071ae00000| Untracked 
| 216|0x000000071b000000, 0x000000071b200000, 0x000000071b200000|100%| O|  |TAMS 0x000000071b000000, 0x000000071b000000| Untracked 
| 217|0x000000071b200000, 0x000000071b400000, 0x000000071b400000|100%| O|  |TAMS 0x000000071b200000, 0x000000071b200000| Untracked 
| 218|0x000000071b400000, 0x000000071b600000, 0x000000071b600000|100%| O|  |TAMS 0x000000071b400000, 0x000000071b400000| Untracked 
| 219|0x000000071b600000, 0x000000071b800000, 0x000000071b800000|100%| O|  |TAMS 0x000000071b600000, 0x000000071b600000| Untracked 
| 220|0x000000071b800000, 0x000000071ba00000, 0x000000071ba00000|100%| O|  |TAMS 0x000000071b800000, 0x000000071b800000| Untracked 
| 221|0x000000071ba00000, 0x000000071bc00000, 0x000000071bc00000|100%| O|  |TAMS 0x000000071ba00000, 0x000000071ba00000| Untracked 
| 222|0x000000071bc00000, 0x000000071be00000, 0x000000071be00000|100%| O|  |TAMS 0x000000071bc00000, 0x000000071bc00000| Untracked 
| 223|0x000000071be00000, 0x000000071c000000, 0x000000071c000000|100%| O|  |TAMS 0x000000071be00000, 0x000000071be00000| Untracked 
| 224|0x000000071c000000, 0x000000071c200000, 0x000000071c200000|100%| O|  |TAMS 0x000000071c000000, 0x000000071c000000| Untracked 
| 225|0x000000071c200000, 0x000000071c400000, 0x000000071c400000|100%| O|  |TAMS 0x000000071c200000, 0x000000071c200000| Untracked 
| 226|0x000000071c400000, 0x000000071c600000, 0x000000071c600000|100%| O|  |TAMS 0x000000071c400000, 0x000000071c400000| Untracked 
| 227|0x000000071c600000, 0x000000071c800000, 0x000000071c800000|100%| O|  |TAMS 0x000000071c800000, 0x000000071c600000| Untracked 
| 228|0x000000071c800000, 0x000000071ca00000, 0x000000071ca00000|100%| O|  |TAMS 0x000000071c800000, 0x000000071c800000| Untracked 
| 229|0x000000071ca00000, 0x000000071cc00000, 0x000000071cc00000|100%| O|  |TAMS 0x000000071cc00000, 0x000000071ca00000| Untracked 
| 230|0x000000071cc00000, 0x000000071ce00000, 0x000000071ce00000|100%| O|  |TAMS 0x000000071ce00000, 0x000000071cc00000| Untracked 
| 231|0x000000071ce00000, 0x000000071d000000, 0x000000071d000000|100%| O|  |TAMS 0x000000071d000000, 0x000000071ce00000| Untracked 
| 232|0x000000071d000000, 0x000000071d200000, 0x000000071d200000|100%| O|  |TAMS 0x000000071d000000, 0x000000071d000000| Untracked 
| 233|0x000000071d200000, 0x000000071d400000, 0x000000071d400000|100%| O|  |TAMS 0x000000071d200000, 0x000000071d200000| Untracked 
| 234|0x000000071d400000, 0x000000071d600000, 0x000000071d600000|100%| O|  |TAMS 0x000000071d600000, 0x000000071d400000| Untracked 
| 235|0x000000071d600000, 0x000000071d800000, 0x000000071d800000|100%| O|  |TAMS 0x000000071d800000, 0x000000071d600000| Untracked 
| 236|0x000000071d800000, 0x000000071da00000, 0x000000071da00000|100%| O|  |TAMS 0x000000071da00000, 0x000000071d800000| Untracked 
| 237|0x000000071da00000, 0x000000071dc00000, 0x000000071dc00000|100%| O|  |TAMS 0x000000071da00000, 0x000000071da00000| Untracked 
| 238|0x000000071dc00000, 0x000000071de00000, 0x000000071de00000|100%| O|  |TAMS 0x000000071dc00000, 0x000000071dc00000| Untracked 
| 239|0x000000071de00000, 0x000000071e000000, 0x000000071e000000|100%| O|  |TAMS 0x000000071de00000, 0x000000071de00000| Untracked 
| 240|0x000000071e000000, 0x000000071e200000, 0x000000071e200000|100%| O|  |TAMS 0x000000071e000000, 0x000000071e000000| Untracked 
| 241|0x000000071e200000, 0x000000071e400000, 0x000000071e400000|100%| O|  |TAMS 0x000000071e200000, 0x000000071e200000| Untracked 
| 242|0x000000071e400000, 0x000000071e600000, 0x000000071e600000|100%| O|  |TAMS 0x000000071e400000, 0x000000071e400000| Untracked 
| 243|0x000000071e600000, 0x000000071e800000, 0x000000071e800000|100%| O|  |TAMS 0x000000071e600000, 0x000000071e600000| Untracked 
| 244|0x000000071e800000, 0x000000071ea00000, 0x000000071ea00000|100%| O|  |TAMS 0x000000071e800000, 0x000000071e800000| Untracked 
| 245|0x000000071ea00000, 0x000000071ec00000, 0x000000071ec00000|100%| O|  |TAMS 0x000000071ea00000, 0x000000071ea00000| Untracked 
| 246|0x000000071ec00000, 0x000000071ee00000, 0x000000071ee00000|100%| O|  |TAMS 0x000000071ee00000, 0x000000071ec00000| Untracked 
| 247|0x000000071ee00000, 0x000000071f000000, 0x000000071f000000|100%| O|  |TAMS 0x000000071ee00000, 0x000000071ee00000| Untracked 
| 248|0x000000071f000000, 0x000000071f200000, 0x000000071f200000|100%| O|  |TAMS 0x000000071f000000, 0x000000071f000000| Untracked 
| 249|0x000000071f200000, 0x000000071f400000, 0x000000071f400000|100%| O|  |TAMS 0x000000071f200000, 0x000000071f200000| Untracked 
| 250|0x000000071f400000, 0x000000071f600000, 0x000000071f600000|100%| O|  |TAMS 0x000000071f400000, 0x000000071f400000| Untracked 
| 251|0x000000071f600000, 0x000000071f800000, 0x000000071f800000|100%| O|  |TAMS 0x000000071f600000, 0x000000071f600000| Untracked 
| 252|0x000000071f800000, 0x000000071fa00000, 0x000000071fa00000|100%| O|  |TAMS 0x000000071f800000, 0x000000071f800000| Untracked 
| 253|0x000000071fa00000, 0x000000071fc00000, 0x000000071fc00000|100%| O|  |TAMS 0x000000071fa00000, 0x000000071fa00000| Untracked 
| 254|0x000000071fc00000, 0x000000071fe00000, 0x000000071fe00000|100%| O|  |TAMS 0x000000071fc00000, 0x000000071fc00000| Untracked 
| 255|0x000000071fe00000, 0x0000000720000000, 0x0000000720000000|100%| O|  |TAMS 0x000000071fe00000, 0x000000071fe00000| Untracked 
| 256|0x0000000720000000, 0x0000000720200000, 0x0000000720200000|100%| O|  |TAMS 0x0000000720000000, 0x0000000720000000| Untracked 
| 257|0x0000000720200000, 0x0000000720400000, 0x0000000720400000|100%| O|  |TAMS 0x0000000720200000, 0x0000000720200000| Untracked 
| 258|0x0000000720400000, 0x0000000720600000, 0x0000000720600000|100%| O|  |TAMS 0x0000000720400000, 0x0000000720400000| Untracked 
| 259|0x0000000720600000, 0x0000000720800000, 0x0000000720800000|100%| O|  |TAMS 0x0000000720600000, 0x0000000720600000| Untracked 
| 260|0x0000000720800000, 0x0000000720a00000, 0x0000000720a00000|100%| O|  |TAMS 0x0000000720800000, 0x0000000720800000| Untracked 
| 261|0x0000000720a00000, 0x0000000720c00000, 0x0000000720c00000|100%| O|  |TAMS 0x0000000720a00000, 0x0000000720a00000| Untracked 
| 262|0x0000000720c00000, 0x0000000720e00000, 0x0000000720e00000|100%| O|  |TAMS 0x0000000720c00000, 0x0000000720c00000| Untracked 
| 263|0x0000000720e00000, 0x0000000721000000, 0x0000000721000000|100%| O|  |TAMS 0x0000000720e00000, 0x0000000720e00000| Untracked 
| 264|0x0000000721000000, 0x0000000721200000, 0x0000000721200000|100%| O|  |TAMS 0x0000000721000000, 0x0000000721000000| Untracked 
| 265|0x0000000721200000, 0x0000000721400000, 0x0000000721400000|100%| O|  |TAMS 0x0000000721200000, 0x0000000721200000| Untracked 
| 266|0x0000000721400000, 0x0000000721600000, 0x0000000721600000|100%| O|  |TAMS 0x0000000721400000, 0x0000000721400000| Untracked 
| 267|0x0000000721600000, 0x0000000721800000, 0x0000000721800000|100%| O|  |TAMS 0x0000000721600000, 0x0000000721600000| Untracked 
| 268|0x0000000721800000, 0x0000000721a00000, 0x0000000721a00000|100%| O|  |TAMS 0x0000000721800000, 0x0000000721800000| Untracked 
| 269|0x0000000721a00000, 0x0000000721c00000, 0x0000000721c00000|100%| O|  |TAMS 0x0000000721a00000, 0x0000000721a00000| Untracked 
| 270|0x0000000721c00000, 0x0000000721e00000, 0x0000000721e00000|100%| O|  |TAMS 0x0000000721c00000, 0x0000000721c00000| Untracked 
| 271|0x0000000721e00000, 0x0000000722000000, 0x0000000722000000|100%| O|  |TAMS 0x0000000721e00000, 0x0000000721e00000| Untracked 
| 272|0x0000000722000000, 0x0000000722200000, 0x0000000722200000|100%| O|  |TAMS 0x0000000722000000, 0x0000000722000000| Untracked 
| 273|0x0000000722200000, 0x0000000722400000, 0x0000000722400000|100%| O|  |TAMS 0x0000000722200000, 0x0000000722200000| Untracked 
| 274|0x0000000722400000, 0x0000000722600000, 0x0000000722600000|100%| O|  |TAMS 0x0000000722400000, 0x0000000722400000| Untracked 
| 275|0x0000000722600000, 0x0000000722800000, 0x0000000722800000|100%| O|  |TAMS 0x0000000722600000, 0x0000000722600000| Untracked 
| 276|0x0000000722800000, 0x0000000722a00000, 0x0000000722a00000|100%|HS|  |TAMS 0x0000000722800000, 0x0000000722800000| Complete 
| 277|0x0000000722a00000, 0x0000000722c00000, 0x0000000722c00000|100%|HS|  |TAMS 0x0000000722a00000, 0x0000000722a00000| Complete 
| 278|0x0000000722c00000, 0x0000000722e00000, 0x0000000722e00000|100%|HS|  |TAMS 0x0000000722c00000, 0x0000000722c00000| Complete 
| 279|0x0000000722e00000, 0x0000000723000000, 0x0000000723000000|100%|HS|  |TAMS 0x0000000722e00000, 0x0000000722e00000| Complete 
| 280|0x0000000723000000, 0x0000000723200000, 0x0000000723200000|100%| O|  |TAMS 0x0000000723000000, 0x0000000723000000| Untracked 
| 281|0x0000000723200000, 0x0000000723400000, 0x0000000723400000|100%| O|  |TAMS 0x0000000723200000, 0x0000000723200000| Untracked 
| 282|0x0000000723400000, 0x0000000723600000, 0x0000000723600000|100%| O|  |TAMS 0x0000000723400000, 0x0000000723400000| Untracked 
| 283|0x0000000723600000, 0x0000000723800000, 0x0000000723800000|100%| O|  |TAMS 0x0000000723600000, 0x0000000723600000| Untracked 
| 284|0x0000000723800000, 0x0000000723a00000, 0x0000000723a00000|100%|HS|  |TAMS 0x0000000723a00000, 0x0000000723800000| Complete 
| 285|0x0000000723a00000, 0x0000000723c00000, 0x0000000723c00000|100%| O|  |TAMS 0x0000000723a00000, 0x0000000723a00000| Untracked 
| 286|0x0000000723c00000, 0x0000000723e00000, 0x0000000723e00000|100%| O|  |TAMS 0x0000000723c00000, 0x0000000723c00000| Untracked 
| 287|0x0000000723e00000, 0x0000000724000000, 0x0000000724000000|100%| O|  |TAMS 0x0000000724000000, 0x0000000723e00000| Untracked 
| 288|0x0000000724000000, 0x0000000724200000, 0x0000000724200000|100%| O|  |TAMS 0x0000000724200000, 0x0000000724000000| Untracked 
| 289|0x0000000724200000, 0x0000000724400000, 0x0000000724400000|100%| O|  |TAMS 0x0000000724400000, 0x0000000724200000| Untracked 
| 290|0x0000000724400000, 0x0000000724600000, 0x0000000724600000|100%| O|  |TAMS 0x0000000724400000, 0x0000000724400000| Untracked 
| 291|0x0000000724600000, 0x0000000724800000, 0x0000000724800000|100%|HS|  |TAMS 0x0000000724600000, 0x0000000724600000| Complete 
| 292|0x0000000724800000, 0x0000000724a00000, 0x0000000724a00000|100%| O|  |TAMS 0x0000000724a00000, 0x0000000724800000| Untracked 
| 293|0x0000000724a00000, 0x0000000724c00000, 0x0000000724c00000|100%| O|  |TAMS 0x0000000724c00000, 0x0000000724a00000| Untracked 
| 294|0x0000000724c00000, 0x0000000724e00000, 0x0000000724e00000|100%|HS|  |TAMS 0x0000000724c00000, 0x0000000724c00000| Complete 
| 295|0x0000000724e00000, 0x0000000725000000, 0x0000000725000000|100%|HS|  |TAMS 0x0000000725000000, 0x0000000724e00000| Complete 
| 296|0x0000000725000000, 0x0000000725200000, 0x0000000725200000|100%|HC|  |TAMS 0x0000000725200000, 0x0000000725000000| Complete 
| 297|0x0000000725200000, 0x0000000725400000, 0x0000000725400000|100%| O|  |TAMS 0x0000000725400000, 0x0000000725200000| Untracked 
| 298|0x0000000725400000, 0x0000000725600000, 0x0000000725600000|100%| O|  |TAMS 0x0000000725600000, 0x0000000725400000| Untracked 
| 299|0x0000000725600000, 0x0000000725800000, 0x0000000725800000|100%| O|  |TAMS 0x0000000725800000, 0x0000000725600000| Untracked 
| 300|0x0000000725800000, 0x0000000725a00000, 0x0000000725a00000|100%| O|  |TAMS 0x0000000725a00000, 0x0000000725800000| Untracked 
| 301|0x0000000725a00000, 0x0000000725c00000, 0x0000000725c00000|100%| O|  |TAMS 0x0000000725a00000, 0x0000000725a00000| Untracked 
| 302|0x0000000725c00000, 0x0000000725e00000, 0x0000000725e00000|100%| O|  |TAMS 0x0000000725e00000, 0x0000000725c00000| Untracked 
| 303|0x0000000725e00000, 0x0000000726000000, 0x0000000726000000|100%| O|  |TAMS 0x0000000726000000, 0x0000000725e00000| Untracked 
| 304|0x0000000726000000, 0x0000000726200000, 0x0000000726200000|100%| O|  |TAMS 0x0000000726200000, 0x0000000726000000| Untracked 
| 305|0x0000000726200000, 0x0000000726400000, 0x0000000726400000|100%| O|  |TAMS 0x0000000726200000, 0x0000000726200000| Untracked 
| 306|0x0000000726400000, 0x0000000726600000, 0x0000000726600000|100%| O|  |TAMS 0x0000000726400000, 0x0000000726400000| Untracked 
| 307|0x0000000726600000, 0x0000000726800000, 0x0000000726800000|100%|HS|  |TAMS 0x0000000726800000, 0x0000000726600000| Complete 
| 308|0x0000000726800000, 0x0000000726a00000, 0x0000000726a00000|100%| O|  |TAMS 0x0000000726800000, 0x0000000726800000| Untracked 
| 309|0x0000000726a00000, 0x0000000726c00000, 0x0000000726c00000|100%| O|  |TAMS 0x0000000726a00000, 0x0000000726a00000| Untracked 
| 310|0x0000000726c00000, 0x0000000726d32a00, 0x0000000726e00000| 59%| O|  |TAMS 0x0000000726c00000, 0x0000000726c00000| Untracked 
| 311|0x0000000726e00000, 0x0000000727000000, 0x0000000727000000|100%| O|  |TAMS 0x0000000727000000, 0x0000000726e00000| Untracked 
| 312|0x0000000727000000, 0x0000000727000000, 0x0000000727200000|  0%| F|  |TAMS 0x0000000727000000, 0x0000000727000000| Untracked 
| 313|0x0000000727200000, 0x0000000727200000, 0x0000000727400000|  0%| F|  |TAMS 0x0000000727200000, 0x0000000727200000| Untracked 
| 314|0x0000000727400000, 0x0000000727400000, 0x0000000727600000|  0%| F|  |TAMS 0x0000000727400000, 0x0000000727400000| Untracked 
| 315|0x0000000727600000, 0x0000000727800000, 0x0000000727800000|100%| O|  |TAMS 0x0000000727800000, 0x0000000727600000| Untracked 
| 316|0x0000000727800000, 0x0000000727800000, 0x0000000727a00000|  0%| F|  |TAMS 0x0000000727800000, 0x0000000727800000| Untracked 
| 317|0x0000000727a00000, 0x0000000727c00000, 0x0000000727c00000|100%| O|  |TAMS 0x0000000727c00000, 0x0000000727a00000| Untracked 
| 318|0x0000000727c00000, 0x0000000727e00000, 0x0000000727e00000|100%| O|  |TAMS 0x0000000727e00000, 0x0000000727c00000| Untracked 
| 319|0x0000000727e00000, 0x0000000728000000, 0x0000000728000000|100%| O|  |TAMS 0x0000000728000000, 0x0000000727e00000| Untracked 
| 320|0x0000000728000000, 0x0000000728200000, 0x0000000728200000|100%| O|  |TAMS 0x0000000728200000, 0x0000000728000000| Untracked 
| 321|0x0000000728200000, 0x0000000728400000, 0x0000000728400000|100%| O|  |TAMS 0x0000000728400000, 0x0000000728200000| Untracked 
| 322|0x0000000728400000, 0x0000000728600000, 0x0000000728600000|100%| O|  |TAMS 0x0000000728600000, 0x0000000728400000| Untracked 
| 323|0x0000000728600000, 0x0000000728600000, 0x0000000728800000|  0%| F|  |TAMS 0x0000000728600000, 0x0000000728600000| Untracked 
| 324|0x0000000728800000, 0x0000000728800000, 0x0000000728a00000|  0%| F|  |TAMS 0x0000000728800000, 0x0000000728800000| Untracked 
| 325|0x0000000728a00000, 0x0000000728a00000, 0x0000000728c00000|  0%| F|  |TAMS 0x0000000728a00000, 0x0000000728a00000| Untracked 
| 326|0x0000000728c00000, 0x0000000728c00000, 0x0000000728e00000|  0%| F|  |TAMS 0x0000000728c00000, 0x0000000728c00000| Untracked 
| 327|0x0000000728e00000, 0x0000000728e00000, 0x0000000729000000|  0%| F|  |TAMS 0x0000000728e00000, 0x0000000728e00000| Untracked 
| 328|0x0000000729000000, 0x0000000729000000, 0x0000000729200000|  0%| F|  |TAMS 0x0000000729000000, 0x0000000729000000| Untracked 
| 329|0x0000000729200000, 0x0000000729200000, 0x0000000729400000|  0%| F|  |TAMS 0x0000000729200000, 0x0000000729200000| Untracked 
| 330|0x0000000729400000, 0x0000000729400000, 0x0000000729600000|  0%| F|  |TAMS 0x0000000729400000, 0x0000000729400000| Untracked 
| 331|0x0000000729600000, 0x0000000729600000, 0x0000000729800000|  0%| F|  |TAMS 0x0000000729600000, 0x0000000729600000| Untracked 
| 332|0x0000000729800000, 0x0000000729800000, 0x0000000729a00000|  0%| F|  |TAMS 0x0000000729800000, 0x0000000729800000| Untracked 
| 333|0x0000000729a00000, 0x0000000729a00000, 0x0000000729c00000|  0%| F|  |TAMS 0x0000000729a00000, 0x0000000729a00000| Untracked 
| 334|0x0000000729c00000, 0x0000000729c00000, 0x0000000729e00000|  0%| F|  |TAMS 0x0000000729c00000, 0x0000000729c00000| Untracked 
| 335|0x0000000729e00000, 0x0000000729e00000, 0x000000072a000000|  0%| F|  |TAMS 0x0000000729e00000, 0x0000000729e00000| Untracked 
| 336|0x000000072a000000, 0x000000072a000000, 0x000000072a200000|  0%| F|  |TAMS 0x000000072a000000, 0x000000072a000000| Untracked 
| 337|0x000000072a200000, 0x000000072a200000, 0x000000072a400000|  0%| F|  |TAMS 0x000000072a200000, 0x000000072a200000| Untracked 
| 338|0x000000072a400000, 0x000000072a400000, 0x000000072a600000|  0%| F|  |TAMS 0x000000072a400000, 0x000000072a400000| Untracked 
| 339|0x000000072a600000, 0x000000072a600000, 0x000000072a800000|  0%| F|  |TAMS 0x000000072a600000, 0x000000072a600000| Untracked 
| 340|0x000000072a800000, 0x000000072a800000, 0x000000072aa00000|  0%| F|  |TAMS 0x000000072a800000, 0x000000072a800000| Untracked 
| 341|0x000000072aa00000, 0x000000072aa00000, 0x000000072ac00000|  0%| F|  |TAMS 0x000000072aa00000, 0x000000072aa00000| Untracked 
| 342|0x000000072ac00000, 0x000000072ac00000, 0x000000072ae00000|  0%| F|  |TAMS 0x000000072ac00000, 0x000000072ac00000| Untracked 
| 343|0x000000072ae00000, 0x000000072ae00000, 0x000000072b000000|  0%| F|  |TAMS 0x000000072ae00000, 0x000000072ae00000| Untracked 
| 344|0x000000072b000000, 0x000000072b000000, 0x000000072b200000|  0%| F|  |TAMS 0x000000072b000000, 0x000000072b000000| Untracked 
| 345|0x000000072b200000, 0x000000072b200000, 0x000000072b400000|  0%| F|  |TAMS 0x000000072b200000, 0x000000072b200000| Untracked 
| 346|0x000000072b400000, 0x000000072b400000, 0x000000072b600000|  0%| F|  |TAMS 0x000000072b400000, 0x000000072b400000| Untracked 
| 347|0x000000072b600000, 0x000000072b600000, 0x000000072b800000|  0%| F|  |TAMS 0x000000072b600000, 0x000000072b600000| Untracked 
| 348|0x000000072b800000, 0x000000072b800000, 0x000000072ba00000|  0%| F|  |TAMS 0x000000072b800000, 0x000000072b800000| Untracked 
| 349|0x000000072ba00000, 0x000000072ba00000, 0x000000072bc00000|  0%| F|  |TAMS 0x000000072ba00000, 0x000000072ba00000| Untracked 
| 350|0x000000072bc00000, 0x000000072bc00000, 0x000000072be00000|  0%| F|  |TAMS 0x000000072bc00000, 0x000000072bc00000| Untracked 
| 351|0x000000072be00000, 0x000000072be00000, 0x000000072c000000|  0%| F|  |TAMS 0x000000072be00000, 0x000000072be00000| Untracked 
| 352|0x000000072c000000, 0x000000072c000000, 0x000000072c200000|  0%| F|  |TAMS 0x000000072c000000, 0x000000072c000000| Untracked 
| 353|0x000000072c200000, 0x000000072c200000, 0x000000072c400000|  0%| F|  |TAMS 0x000000072c200000, 0x000000072c200000| Untracked 
| 354|0x000000072c400000, 0x000000072c400000, 0x000000072c600000|  0%| F|  |TAMS 0x000000072c400000, 0x000000072c400000| Untracked 
| 355|0x000000072c600000, 0x000000072c600000, 0x000000072c800000|  0%| F|  |TAMS 0x000000072c600000, 0x000000072c600000| Untracked 
| 356|0x000000072c800000, 0x000000072c800000, 0x000000072ca00000|  0%| F|  |TAMS 0x000000072c800000, 0x000000072c800000| Untracked 
| 357|0x000000072ca00000, 0x000000072ca00000, 0x000000072cc00000|  0%| F|  |TAMS 0x000000072ca00000, 0x000000072ca00000| Untracked 
| 358|0x000000072cc00000, 0x000000072cc00000, 0x000000072ce00000|  0%| F|  |TAMS 0x000000072cc00000, 0x000000072cc00000| Untracked 
| 359|0x000000072ce00000, 0x000000072ce00000, 0x000000072d000000|  0%| F|  |TAMS 0x000000072ce00000, 0x000000072ce00000| Untracked 
| 360|0x000000072d000000, 0x000000072d000000, 0x000000072d200000|  0%| F|  |TAMS 0x000000072d000000, 0x000000072d000000| Untracked 
| 361|0x000000072d200000, 0x000000072d200000, 0x000000072d400000|  0%| F|  |TAMS 0x000000072d200000, 0x000000072d200000| Untracked 
| 362|0x000000072d400000, 0x000000072d400000, 0x000000072d600000|  0%| F|  |TAMS 0x000000072d400000, 0x000000072d400000| Untracked 
| 363|0x000000072d600000, 0x000000072d600000, 0x000000072d800000|  0%| F|  |TAMS 0x000000072d600000, 0x000000072d600000| Untracked 
| 364|0x000000072d800000, 0x000000072d800000, 0x000000072da00000|  0%| F|  |TAMS 0x000000072d800000, 0x000000072d800000| Untracked 
| 365|0x000000072da00000, 0x000000072da00000, 0x000000072dc00000|  0%| F|  |TAMS 0x000000072da00000, 0x000000072da00000| Untracked 
| 366|0x000000072dc00000, 0x000000072dc00000, 0x000000072de00000|  0%| F|  |TAMS 0x000000072dc00000, 0x000000072dc00000| Untracked 
| 367|0x000000072de00000, 0x000000072de00000, 0x000000072e000000|  0%| F|  |TAMS 0x000000072de00000, 0x000000072de00000| Untracked 
| 368|0x000000072e000000, 0x000000072e000000, 0x000000072e200000|  0%| F|  |TAMS 0x000000072e000000, 0x000000072e000000| Untracked 
| 369|0x000000072e200000, 0x000000072e200000, 0x000000072e400000|  0%| F|  |TAMS 0x000000072e200000, 0x000000072e200000| Untracked 
| 370|0x000000072e400000, 0x000000072e400000, 0x000000072e600000|  0%| F|  |TAMS 0x000000072e400000, 0x000000072e400000| Untracked 
| 371|0x000000072e600000, 0x000000072e600000, 0x000000072e800000|  0%| F|  |TAMS 0x000000072e600000, 0x000000072e600000| Untracked 
| 372|0x000000072e800000, 0x000000072e800000, 0x000000072ea00000|  0%| F|  |TAMS 0x000000072e800000, 0x000000072e800000| Untracked 
| 373|0x000000072ea00000, 0x000000072ea00000, 0x000000072ec00000|  0%| F|  |TAMS 0x000000072ea00000, 0x000000072ea00000| Untracked 
| 374|0x000000072ec00000, 0x000000072ec00000, 0x000000072ee00000|  0%| F|  |TAMS 0x000000072ec00000, 0x000000072ec00000| Untracked 
| 375|0x000000072ee00000, 0x000000072ee00000, 0x000000072f000000|  0%| F|  |TAMS 0x000000072ee00000, 0x000000072ee00000| Untracked 
| 376|0x000000072f000000, 0x000000072f000000, 0x000000072f200000|  0%| F|  |TAMS 0x000000072f000000, 0x000000072f000000| Untracked 
| 377|0x000000072f200000, 0x000000072f200000, 0x000000072f400000|  0%| F|  |TAMS 0x000000072f200000, 0x000000072f200000| Untracked 
| 378|0x000000072f400000, 0x000000072f400000, 0x000000072f600000|  0%| F|  |TAMS 0x000000072f400000, 0x000000072f400000| Untracked 
| 379|0x000000072f600000, 0x000000072f600000, 0x000000072f800000|  0%| F|  |TAMS 0x000000072f600000, 0x000000072f600000| Untracked 
| 380|0x000000072f800000, 0x000000072f800000, 0x000000072fa00000|  0%| F|  |TAMS 0x000000072f800000, 0x000000072f800000| Untracked 
| 381|0x000000072fa00000, 0x000000072fa00000, 0x000000072fc00000|  0%| F|  |TAMS 0x000000072fa00000, 0x000000072fa00000| Untracked 
| 382|0x000000072fc00000, 0x000000072fc00000, 0x000000072fe00000|  0%| F|  |TAMS 0x000000072fc00000, 0x000000072fc00000| Untracked 
| 383|0x000000072fe00000, 0x000000072fe00000, 0x0000000730000000|  0%| F|  |TAMS 0x000000072fe00000, 0x000000072fe00000| Untracked 
| 384|0x0000000730000000, 0x0000000730000000, 0x0000000730200000|  0%| F|  |TAMS 0x0000000730000000, 0x0000000730000000| Untracked 
| 385|0x0000000730200000, 0x0000000730200000, 0x0000000730400000|  0%| F|  |TAMS 0x0000000730200000, 0x0000000730200000| Untracked 
| 386|0x0000000730400000, 0x0000000730400000, 0x0000000730600000|  0%| F|  |TAMS 0x0000000730400000, 0x0000000730400000| Untracked 
| 387|0x0000000730600000, 0x0000000730600000, 0x0000000730800000|  0%| F|  |TAMS 0x0000000730600000, 0x0000000730600000| Untracked 
| 388|0x0000000730800000, 0x0000000730800000, 0x0000000730a00000|  0%| F|  |TAMS 0x0000000730800000, 0x0000000730800000| Untracked 
| 389|0x0000000730a00000, 0x0000000730a00000, 0x0000000730c00000|  0%| F|  |TAMS 0x0000000730a00000, 0x0000000730a00000| Untracked 
| 390|0x0000000730c00000, 0x0000000730c00000, 0x0000000730e00000|  0%| F|  |TAMS 0x0000000730c00000, 0x0000000730c00000| Untracked 
| 391|0x0000000730e00000, 0x0000000730e00000, 0x0000000731000000|  0%| F|  |TAMS 0x0000000730e00000, 0x0000000730e00000| Untracked 
| 392|0x0000000731000000, 0x0000000731000000, 0x0000000731200000|  0%| F|  |TAMS 0x0000000731000000, 0x0000000731000000| Untracked 
| 393|0x0000000731200000, 0x0000000731200000, 0x0000000731400000|  0%| F|  |TAMS 0x0000000731200000, 0x0000000731200000| Untracked 
| 394|0x0000000731400000, 0x0000000731400000, 0x0000000731600000|  0%| F|  |TAMS 0x0000000731400000, 0x0000000731400000| Untracked 
| 395|0x0000000731600000, 0x0000000731600000, 0x0000000731800000|  0%| F|  |TAMS 0x0000000731600000, 0x0000000731600000| Untracked 
| 396|0x0000000731800000, 0x0000000731800000, 0x0000000731a00000|  0%| F|  |TAMS 0x0000000731800000, 0x0000000731800000| Untracked 
| 397|0x0000000731a00000, 0x0000000731a00000, 0x0000000731c00000|  0%| F|  |TAMS 0x0000000731a00000, 0x0000000731a00000| Untracked 
| 398|0x0000000731c00000, 0x0000000731c00000, 0x0000000731e00000|  0%| F|  |TAMS 0x0000000731c00000, 0x0000000731c00000| Untracked 
| 399|0x0000000731e00000, 0x0000000731e00000, 0x0000000732000000|  0%| F|  |TAMS 0x0000000731e00000, 0x0000000731e00000| Untracked 
| 400|0x0000000732000000, 0x0000000732000000, 0x0000000732200000|  0%| F|  |TAMS 0x0000000732000000, 0x0000000732000000| Untracked 
| 401|0x0000000732200000, 0x0000000732200000, 0x0000000732400000|  0%| F|  |TAMS 0x0000000732200000, 0x0000000732200000| Untracked 
| 402|0x0000000732400000, 0x0000000732400000, 0x0000000732600000|  0%| F|  |TAMS 0x0000000732400000, 0x0000000732400000| Untracked 
| 403|0x0000000732600000, 0x0000000732600000, 0x0000000732800000|  0%| F|  |TAMS 0x0000000732600000, 0x0000000732600000| Untracked 
| 404|0x0000000732800000, 0x0000000732800000, 0x0000000732a00000|  0%| F|  |TAMS 0x0000000732800000, 0x0000000732800000| Untracked 
| 405|0x0000000732a00000, 0x0000000732a00000, 0x0000000732c00000|  0%| F|  |TAMS 0x0000000732a00000, 0x0000000732a00000| Untracked 
| 406|0x0000000732c00000, 0x0000000732c00000, 0x0000000732e00000|  0%| F|  |TAMS 0x0000000732c00000, 0x0000000732c00000| Untracked 
| 407|0x0000000732e00000, 0x0000000732e00000, 0x0000000733000000|  0%| F|  |TAMS 0x0000000732e00000, 0x0000000732e00000| Untracked 
| 408|0x0000000733000000, 0x0000000733000000, 0x0000000733200000|  0%| F|  |TAMS 0x0000000733000000, 0x0000000733000000| Untracked 
| 409|0x0000000733200000, 0x0000000733200000, 0x0000000733400000|  0%| F|  |TAMS 0x0000000733200000, 0x0000000733200000| Untracked 
| 410|0x0000000733400000, 0x0000000733400000, 0x0000000733600000|  0%| F|  |TAMS 0x0000000733400000, 0x0000000733400000| Untracked 
| 411|0x0000000733600000, 0x0000000733600000, 0x0000000733800000|  0%| F|  |TAMS 0x0000000733600000, 0x0000000733600000| Untracked 
| 412|0x0000000733800000, 0x0000000733800000, 0x0000000733a00000|  0%| F|  |TAMS 0x0000000733800000, 0x0000000733800000| Untracked 
| 413|0x0000000733a00000, 0x0000000733a00000, 0x0000000733c00000|  0%| F|  |TAMS 0x0000000733a00000, 0x0000000733a00000| Untracked 
| 414|0x0000000733c00000, 0x0000000733c00000, 0x0000000733e00000|  0%| F|  |TAMS 0x0000000733c00000, 0x0000000733c00000| Untracked 
| 415|0x0000000733e00000, 0x0000000733e00000, 0x0000000734000000|  0%| F|  |TAMS 0x0000000733e00000, 0x0000000733e00000| Untracked 
| 416|0x0000000734000000, 0x0000000734000000, 0x0000000734200000|  0%| F|  |TAMS 0x0000000734000000, 0x0000000734000000| Untracked 
| 417|0x0000000734200000, 0x0000000734200000, 0x0000000734400000|  0%| F|  |TAMS 0x0000000734200000, 0x0000000734200000| Untracked 
| 418|0x0000000734400000, 0x0000000734400000, 0x0000000734600000|  0%| F|  |TAMS 0x0000000734400000, 0x0000000734400000| Untracked 
| 419|0x0000000734600000, 0x0000000734600000, 0x0000000734800000|  0%| F|  |TAMS 0x0000000734600000, 0x0000000734600000| Untracked 
| 420|0x0000000734800000, 0x0000000734800000, 0x0000000734a00000|  0%| F|  |TAMS 0x0000000734800000, 0x0000000734800000| Untracked 
| 421|0x0000000734a00000, 0x0000000734a00000, 0x0000000734c00000|  0%| F|  |TAMS 0x0000000734a00000, 0x0000000734a00000| Untracked 
| 422|0x0000000734c00000, 0x0000000734c00000, 0x0000000734e00000|  0%| F|  |TAMS 0x0000000734c00000, 0x0000000734c00000| Untracked 
| 423|0x0000000734e00000, 0x0000000734e00000, 0x0000000735000000|  0%| F|  |TAMS 0x0000000734e00000, 0x0000000734e00000| Untracked 
| 424|0x0000000735000000, 0x0000000735000000, 0x0000000735200000|  0%| F|  |TAMS 0x0000000735000000, 0x0000000735000000| Untracked 
| 425|0x0000000735200000, 0x0000000735200000, 0x0000000735400000|  0%| F|  |TAMS 0x0000000735200000, 0x0000000735200000| Untracked 
| 426|0x0000000735400000, 0x0000000735400000, 0x0000000735600000|  0%| F|  |TAMS 0x0000000735400000, 0x0000000735400000| Untracked 
| 427|0x0000000735600000, 0x0000000735600000, 0x0000000735800000|  0%| F|  |TAMS 0x0000000735600000, 0x0000000735600000| Untracked 
| 428|0x0000000735800000, 0x0000000735800000, 0x0000000735a00000|  0%| F|  |TAMS 0x0000000735800000, 0x0000000735800000| Untracked 
| 429|0x0000000735a00000, 0x0000000735a00000, 0x0000000735c00000|  0%| F|  |TAMS 0x0000000735a00000, 0x0000000735a00000| Untracked 
| 430|0x0000000735c00000, 0x0000000735c00000, 0x0000000735e00000|  0%| F|  |TAMS 0x0000000735c00000, 0x0000000735c00000| Untracked 
| 431|0x0000000735e00000, 0x0000000735e00000, 0x0000000736000000|  0%| F|  |TAMS 0x0000000735e00000, 0x0000000735e00000| Untracked 
| 432|0x0000000736000000, 0x0000000736000000, 0x0000000736200000|  0%| F|  |TAMS 0x0000000736000000, 0x0000000736000000| Untracked 
| 433|0x0000000736200000, 0x0000000736200000, 0x0000000736400000|  0%| F|  |TAMS 0x0000000736200000, 0x0000000736200000| Untracked 
| 434|0x0000000736400000, 0x0000000736400000, 0x0000000736600000|  0%| F|  |TAMS 0x0000000736400000, 0x0000000736400000| Untracked 
| 435|0x0000000736600000, 0x0000000736600000, 0x0000000736800000|  0%| F|  |TAMS 0x0000000736600000, 0x0000000736600000| Untracked 
| 436|0x0000000736800000, 0x0000000736800000, 0x0000000736a00000|  0%| F|  |TAMS 0x0000000736800000, 0x0000000736800000| Untracked 
| 437|0x0000000736a00000, 0x0000000736a00000, 0x0000000736c00000|  0%| F|  |TAMS 0x0000000736a00000, 0x0000000736a00000| Untracked 
| 438|0x0000000736c00000, 0x0000000736c00000, 0x0000000736e00000|  0%| F|  |TAMS 0x0000000736c00000, 0x0000000736c00000| Untracked 
| 439|0x0000000736e00000, 0x0000000736e00000, 0x0000000737000000|  0%| F|  |TAMS 0x0000000736e00000, 0x0000000736e00000| Untracked 
| 440|0x0000000737000000, 0x0000000737000000, 0x0000000737200000|  0%| F|  |TAMS 0x0000000737000000, 0x0000000737000000| Untracked 
| 441|0x0000000737200000, 0x0000000737200000, 0x0000000737400000|  0%| F|  |TAMS 0x0000000737200000, 0x0000000737200000| Untracked 
| 442|0x0000000737400000, 0x0000000737400000, 0x0000000737600000|  0%| F|  |TAMS 0x0000000737400000, 0x0000000737400000| Untracked 
| 443|0x0000000737600000, 0x0000000737600000, 0x0000000737800000|  0%| F|  |TAMS 0x0000000737600000, 0x0000000737600000| Untracked 
| 444|0x0000000737800000, 0x0000000737800000, 0x0000000737a00000|  0%| F|  |TAMS 0x0000000737800000, 0x0000000737800000| Untracked 
| 445|0x0000000737a00000, 0x0000000737a00000, 0x0000000737c00000|  0%| F|  |TAMS 0x0000000737a00000, 0x0000000737a00000| Untracked 
| 446|0x0000000737c00000, 0x0000000737c00000, 0x0000000737e00000|  0%| F|  |TAMS 0x0000000737c00000, 0x0000000737c00000| Untracked 
| 447|0x0000000737e00000, 0x0000000737e00000, 0x0000000738000000|  0%| F|  |TAMS 0x0000000737e00000, 0x0000000737e00000| Untracked 
| 448|0x0000000738000000, 0x0000000738000000, 0x0000000738200000|  0%| F|  |TAMS 0x0000000738000000, 0x0000000738000000| Untracked 
| 449|0x0000000738200000, 0x0000000738200000, 0x0000000738400000|  0%| F|  |TAMS 0x0000000738200000, 0x0000000738200000| Untracked 
| 450|0x0000000738400000, 0x0000000738400000, 0x0000000738600000|  0%| F|  |TAMS 0x0000000738400000, 0x0000000738400000| Untracked 
| 451|0x0000000738600000, 0x0000000738600000, 0x0000000738800000|  0%| F|  |TAMS 0x0000000738600000, 0x0000000738600000| Untracked 
| 452|0x0000000738800000, 0x0000000738800000, 0x0000000738a00000|  0%| F|  |TAMS 0x0000000738800000, 0x0000000738800000| Untracked 
| 453|0x0000000738a00000, 0x0000000738a00000, 0x0000000738c00000|  0%| F|  |TAMS 0x0000000738a00000, 0x0000000738a00000| Untracked 
| 454|0x0000000738c00000, 0x0000000738c00000, 0x0000000738e00000|  0%| F|  |TAMS 0x0000000738c00000, 0x0000000738c00000| Untracked 
| 455|0x0000000738e00000, 0x0000000738e00000, 0x0000000739000000|  0%| F|  |TAMS 0x0000000738e00000, 0x0000000738e00000| Untracked 
| 456|0x0000000739000000, 0x0000000739000000, 0x0000000739200000|  0%| F|  |TAMS 0x0000000739000000, 0x0000000739000000| Untracked 
| 457|0x0000000739200000, 0x0000000739200000, 0x0000000739400000|  0%| F|  |TAMS 0x0000000739200000, 0x0000000739200000| Untracked 
| 458|0x0000000739400000, 0x0000000739400000, 0x0000000739600000|  0%| F|  |TAMS 0x0000000739400000, 0x0000000739400000| Untracked 
| 459|0x0000000739600000, 0x0000000739600000, 0x0000000739800000|  0%| F|  |TAMS 0x0000000739600000, 0x0000000739600000| Untracked 
| 460|0x0000000739800000, 0x0000000739800000, 0x0000000739a00000|  0%| F|  |TAMS 0x0000000739800000, 0x0000000739800000| Untracked 
| 461|0x0000000739a00000, 0x0000000739a00000, 0x0000000739c00000|  0%| F|  |TAMS 0x0000000739a00000, 0x0000000739a00000| Untracked 
| 462|0x0000000739c00000, 0x0000000739c00000, 0x0000000739e00000|  0%| F|  |TAMS 0x0000000739c00000, 0x0000000739c00000| Untracked 
| 463|0x0000000739e00000, 0x0000000739e00000, 0x000000073a000000|  0%| F|  |TAMS 0x0000000739e00000, 0x0000000739e00000| Untracked 
| 464|0x000000073a000000, 0x000000073a000000, 0x000000073a200000|  0%| F|  |TAMS 0x000000073a000000, 0x000000073a000000| Untracked 
| 465|0x000000073a200000, 0x000000073a200000, 0x000000073a400000|  0%| F|  |TAMS 0x000000073a200000, 0x000000073a200000| Untracked 
| 466|0x000000073a400000, 0x000000073a400000, 0x000000073a600000|  0%| F|  |TAMS 0x000000073a400000, 0x000000073a400000| Untracked 
| 467|0x000000073a600000, 0x000000073a600000, 0x000000073a800000|  0%| F|  |TAMS 0x000000073a600000, 0x000000073a600000| Untracked 
| 468|0x000000073a800000, 0x000000073a800000, 0x000000073aa00000|  0%| F|  |TAMS 0x000000073a800000, 0x000000073a800000| Untracked 
| 469|0x000000073aa00000, 0x000000073aa00000, 0x000000073ac00000|  0%| F|  |TAMS 0x000000073aa00000, 0x000000073aa00000| Untracked 
| 470|0x000000073ac00000, 0x000000073ac00000, 0x000000073ae00000|  0%| F|  |TAMS 0x000000073ac00000, 0x000000073ac00000| Untracked 
| 471|0x000000073ae00000, 0x000000073ae00000, 0x000000073b000000|  0%| F|  |TAMS 0x000000073ae00000, 0x000000073ae00000| Untracked 
| 472|0x000000073b000000, 0x000000073b000000, 0x000000073b200000|  0%| F|  |TAMS 0x000000073b000000, 0x000000073b000000| Untracked 
| 473|0x000000073b200000, 0x000000073b200000, 0x000000073b400000|  0%| F|  |TAMS 0x000000073b200000, 0x000000073b200000| Untracked 
| 474|0x000000073b400000, 0x000000073b400000, 0x000000073b600000|  0%| F|  |TAMS 0x000000073b400000, 0x000000073b400000| Untracked 
| 475|0x000000073b600000, 0x000000073b600000, 0x000000073b800000|  0%| F|  |TAMS 0x000000073b600000, 0x000000073b600000| Untracked 
| 476|0x000000073b800000, 0x000000073b800000, 0x000000073ba00000|  0%| F|  |TAMS 0x000000073b800000, 0x000000073b800000| Untracked 
| 477|0x000000073ba00000, 0x000000073ba00000, 0x000000073bc00000|  0%| F|  |TAMS 0x000000073ba00000, 0x000000073ba00000| Untracked 
| 478|0x000000073bc00000, 0x000000073bc00000, 0x000000073be00000|  0%| F|  |TAMS 0x000000073bc00000, 0x000000073bc00000| Untracked 
| 479|0x000000073be00000, 0x000000073be00000, 0x000000073c000000|  0%| F|  |TAMS 0x000000073be00000, 0x000000073be00000| Untracked 
| 480|0x000000073c000000, 0x000000073c000000, 0x000000073c200000|  0%| F|  |TAMS 0x000000073c000000, 0x000000073c000000| Untracked 
| 481|0x000000073c200000, 0x000000073c200000, 0x000000073c400000|  0%| F|  |TAMS 0x000000073c200000, 0x000000073c200000| Untracked 
| 482|0x000000073c400000, 0x000000073c400000, 0x000000073c600000|  0%| F|  |TAMS 0x000000073c400000, 0x000000073c400000| Untracked 
| 483|0x000000073c600000, 0x000000073c600000, 0x000000073c800000|  0%| F|  |TAMS 0x000000073c600000, 0x000000073c600000| Untracked 
| 484|0x000000073c800000, 0x000000073c800000, 0x000000073ca00000|  0%| F|  |TAMS 0x000000073c800000, 0x000000073c800000| Untracked 
| 485|0x000000073ca00000, 0x000000073ca00000, 0x000000073cc00000|  0%| F|  |TAMS 0x000000073ca00000, 0x000000073ca00000| Untracked 
| 486|0x000000073cc00000, 0x000000073cc00000, 0x000000073ce00000|  0%| F|  |TAMS 0x000000073cc00000, 0x000000073cc00000| Untracked 
| 487|0x000000073ce00000, 0x000000073ce00000, 0x000000073d000000|  0%| F|  |TAMS 0x000000073ce00000, 0x000000073ce00000| Untracked 
| 488|0x000000073d000000, 0x000000073d000000, 0x000000073d200000|  0%| F|  |TAMS 0x000000073d000000, 0x000000073d000000| Untracked 
| 489|0x000000073d200000, 0x000000073d200000, 0x000000073d400000|  0%| F|  |TAMS 0x000000073d200000, 0x000000073d200000| Untracked 
| 490|0x000000073d400000, 0x000000073d400000, 0x000000073d600000|  0%| F|  |TAMS 0x000000073d400000, 0x000000073d400000| Untracked 
| 491|0x000000073d600000, 0x000000073d600000, 0x000000073d800000|  0%| F|  |TAMS 0x000000073d600000, 0x000000073d600000| Untracked 
| 492|0x000000073d800000, 0x000000073d800000, 0x000000073da00000|  0%| F|  |TAMS 0x000000073d800000, 0x000000073d800000| Untracked 
| 493|0x000000073da00000, 0x000000073da00000, 0x000000073dc00000|  0%| F|  |TAMS 0x000000073da00000, 0x000000073da00000| Untracked 
| 494|0x000000073dc00000, 0x000000073dc00000, 0x000000073de00000|  0%| F|  |TAMS 0x000000073dc00000, 0x000000073dc00000| Untracked 
| 495|0x000000073de00000, 0x000000073de00000, 0x000000073e000000|  0%| F|  |TAMS 0x000000073de00000, 0x000000073de00000| Untracked 
| 496|0x000000073e000000, 0x000000073e000000, 0x000000073e200000|  0%| F|  |TAMS 0x000000073e000000, 0x000000073e000000| Untracked 
| 497|0x000000073e200000, 0x000000073e200000, 0x000000073e400000|  0%| F|  |TAMS 0x000000073e200000, 0x000000073e200000| Untracked 
| 498|0x000000073e400000, 0x000000073e400000, 0x000000073e600000|  0%| F|  |TAMS 0x000000073e400000, 0x000000073e400000| Untracked 
| 499|0x000000073e600000, 0x000000073e600000, 0x000000073e800000|  0%| F|  |TAMS 0x000000073e600000, 0x000000073e600000| Untracked 
| 500|0x000000073e800000, 0x000000073e800000, 0x000000073ea00000|  0%| F|  |TAMS 0x000000073e800000, 0x000000073e800000| Untracked 
| 501|0x000000073ea00000, 0x000000073ea00000, 0x000000073ec00000|  0%| F|  |TAMS 0x000000073ea00000, 0x000000073ea00000| Untracked 
| 502|0x000000073ec00000, 0x000000073ec00000, 0x000000073ee00000|  0%| F|  |TAMS 0x000000073ec00000, 0x000000073ec00000| Untracked 
| 503|0x000000073ee00000, 0x000000073ee00000, 0x000000073f000000|  0%| F|  |TAMS 0x000000073ee00000, 0x000000073ee00000| Untracked 
| 504|0x000000073f000000, 0x000000073f000000, 0x000000073f200000|  0%| F|  |TAMS 0x000000073f000000, 0x000000073f000000| Untracked 
| 505|0x000000073f200000, 0x000000073f200000, 0x000000073f400000|  0%| F|  |TAMS 0x000000073f200000, 0x000000073f200000| Untracked 
| 506|0x000000073f400000, 0x000000073f400000, 0x000000073f600000|  0%| F|  |TAMS 0x000000073f400000, 0x000000073f400000| Untracked 
| 507|0x000000073f600000, 0x000000073f600000, 0x000000073f800000|  0%| F|  |TAMS 0x000000073f600000, 0x000000073f600000| Untracked 
| 508|0x000000073f800000, 0x000000073f800000, 0x000000073fa00000|  0%| F|  |TAMS 0x000000073f800000, 0x000000073f800000| Untracked 
| 509|0x000000073fa00000, 0x000000073fa00000, 0x000000073fc00000|  0%| F|  |TAMS 0x000000073fa00000, 0x000000073fa00000| Untracked 
| 510|0x000000073fc00000, 0x000000073fc00000, 0x000000073fe00000|  0%| F|  |TAMS 0x000000073fc00000, 0x000000073fc00000| Untracked 
| 511|0x000000073fe00000, 0x000000073fe00000, 0x0000000740000000|  0%| F|  |TAMS 0x000000073fe00000, 0x000000073fe00000| Untracked 
| 512|0x0000000740000000, 0x0000000740000000, 0x0000000740200000|  0%| F|  |TAMS 0x0000000740000000, 0x0000000740000000| Untracked 
| 513|0x0000000740200000, 0x0000000740200000, 0x0000000740400000|  0%| F|  |TAMS 0x0000000740200000, 0x0000000740200000| Untracked 
| 514|0x0000000740400000, 0x0000000740400000, 0x0000000740600000|  0%| F|  |TAMS 0x0000000740400000, 0x0000000740400000| Untracked 
| 515|0x0000000740600000, 0x0000000740600000, 0x0000000740800000|  0%| F|  |TAMS 0x0000000740600000, 0x0000000740600000| Untracked 
| 516|0x0000000740800000, 0x0000000740800000, 0x0000000740a00000|  0%| F|  |TAMS 0x0000000740800000, 0x0000000740800000| Untracked 
| 517|0x0000000740a00000, 0x0000000740a00000, 0x0000000740c00000|  0%| F|  |TAMS 0x0000000740a00000, 0x0000000740a00000| Untracked 
| 518|0x0000000740c00000, 0x0000000740c00000, 0x0000000740e00000|  0%| F|  |TAMS 0x0000000740c00000, 0x0000000740c00000| Untracked 
| 519|0x0000000740e00000, 0x0000000740e00000, 0x0000000741000000|  0%| F|  |TAMS 0x0000000740e00000, 0x0000000740e00000| Untracked 
| 520|0x0000000741000000, 0x0000000741000000, 0x0000000741200000|  0%| F|  |TAMS 0x0000000741000000, 0x0000000741000000| Untracked 
| 521|0x0000000741200000, 0x0000000741200000, 0x0000000741400000|  0%| F|  |TAMS 0x0000000741200000, 0x0000000741200000| Untracked 
| 522|0x0000000741400000, 0x0000000741400000, 0x0000000741600000|  0%| F|  |TAMS 0x0000000741400000, 0x0000000741400000| Untracked 
| 523|0x0000000741600000, 0x0000000741600000, 0x0000000741800000|  0%| F|  |TAMS 0x0000000741600000, 0x0000000741600000| Untracked 
| 524|0x0000000741800000, 0x0000000741800000, 0x0000000741a00000|  0%| F|  |TAMS 0x0000000741800000, 0x0000000741800000| Untracked 
| 525|0x0000000741a00000, 0x0000000741a00000, 0x0000000741c00000|  0%| F|  |TAMS 0x0000000741a00000, 0x0000000741a00000| Untracked 
| 526|0x0000000741c00000, 0x0000000741c00000, 0x0000000741e00000|  0%| F|  |TAMS 0x0000000741c00000, 0x0000000741c00000| Untracked 
| 527|0x0000000741e00000, 0x0000000741e00000, 0x0000000742000000|  0%| F|  |TAMS 0x0000000741e00000, 0x0000000741e00000| Untracked 
| 528|0x0000000742000000, 0x0000000742000000, 0x0000000742200000|  0%| F|  |TAMS 0x0000000742000000, 0x0000000742000000| Untracked 
| 529|0x0000000742200000, 0x0000000742200000, 0x0000000742400000|  0%| F|  |TAMS 0x0000000742200000, 0x0000000742200000| Untracked 
| 530|0x0000000742400000, 0x0000000742400000, 0x0000000742600000|  0%| F|  |TAMS 0x0000000742400000, 0x0000000742400000| Untracked 
| 531|0x0000000742600000, 0x0000000742600000, 0x0000000742800000|  0%| F|  |TAMS 0x0000000742600000, 0x0000000742600000| Untracked 
| 532|0x0000000742800000, 0x0000000742800000, 0x0000000742a00000|  0%| F|  |TAMS 0x0000000742800000, 0x0000000742800000| Untracked 
| 533|0x0000000742a00000, 0x0000000742a00000, 0x0000000742c00000|  0%| F|  |TAMS 0x0000000742a00000, 0x0000000742a00000| Untracked 
| 534|0x0000000742c00000, 0x0000000742c00000, 0x0000000742e00000|  0%| F|  |TAMS 0x0000000742c00000, 0x0000000742c00000| Untracked 
| 535|0x0000000742e00000, 0x0000000742e00000, 0x0000000743000000|  0%| F|  |TAMS 0x0000000742e00000, 0x0000000742e00000| Untracked 
| 536|0x0000000743000000, 0x0000000743000000, 0x0000000743200000|  0%| F|  |TAMS 0x0000000743000000, 0x0000000743000000| Untracked 
| 537|0x0000000743200000, 0x0000000743200000, 0x0000000743400000|  0%| F|  |TAMS 0x0000000743200000, 0x0000000743200000| Untracked 
| 538|0x0000000743400000, 0x0000000743400000, 0x0000000743600000|  0%| F|  |TAMS 0x0000000743400000, 0x0000000743400000| Untracked 
| 539|0x0000000743600000, 0x0000000743600000, 0x0000000743800000|  0%| F|  |TAMS 0x0000000743600000, 0x0000000743600000| Untracked 
| 540|0x0000000743800000, 0x0000000743800000, 0x0000000743a00000|  0%| F|  |TAMS 0x0000000743800000, 0x0000000743800000| Untracked 
| 541|0x0000000743a00000, 0x0000000743a00000, 0x0000000743c00000|  0%| F|  |TAMS 0x0000000743a00000, 0x0000000743a00000| Untracked 
| 542|0x0000000743c00000, 0x0000000743c00000, 0x0000000743e00000|  0%| F|  |TAMS 0x0000000743c00000, 0x0000000743c00000| Untracked 
| 543|0x0000000743e00000, 0x0000000743e00000, 0x0000000744000000|  0%| F|  |TAMS 0x0000000743e00000, 0x0000000743e00000| Untracked 
| 544|0x0000000744000000, 0x0000000744000000, 0x0000000744200000|  0%| F|  |TAMS 0x0000000744000000, 0x0000000744000000| Untracked 
| 545|0x0000000744200000, 0x0000000744200000, 0x0000000744400000|  0%| F|  |TAMS 0x0000000744200000, 0x0000000744200000| Untracked 
| 546|0x0000000744400000, 0x0000000744400000, 0x0000000744600000|  0%| F|  |TAMS 0x0000000744400000, 0x0000000744400000| Untracked 
| 547|0x0000000744600000, 0x0000000744600000, 0x0000000744800000|  0%| F|  |TAMS 0x0000000744600000, 0x0000000744600000| Untracked 
| 548|0x0000000744800000, 0x0000000744800000, 0x0000000744a00000|  0%| F|  |TAMS 0x0000000744800000, 0x0000000744800000| Untracked 
| 549|0x0000000744a00000, 0x0000000744a00000, 0x0000000744c00000|  0%| F|  |TAMS 0x0000000744a00000, 0x0000000744a00000| Untracked 
| 550|0x0000000744c00000, 0x0000000744c00000, 0x0000000744e00000|  0%| F|  |TAMS 0x0000000744c00000, 0x0000000744c00000| Untracked 
| 551|0x0000000744e00000, 0x0000000744e00000, 0x0000000745000000|  0%| F|  |TAMS 0x0000000744e00000, 0x0000000744e00000| Untracked 
| 552|0x0000000745000000, 0x0000000745000000, 0x0000000745200000|  0%| F|  |TAMS 0x0000000745000000, 0x0000000745000000| Untracked 
| 553|0x0000000745200000, 0x0000000745200000, 0x0000000745400000|  0%| F|  |TAMS 0x0000000745200000, 0x0000000745200000| Untracked 
| 554|0x0000000745400000, 0x0000000745400000, 0x0000000745600000|  0%| F|  |TAMS 0x0000000745400000, 0x0000000745400000| Untracked 
| 555|0x0000000745600000, 0x0000000745600000, 0x0000000745800000|  0%| F|  |TAMS 0x0000000745600000, 0x0000000745600000| Untracked 
| 556|0x0000000745800000, 0x0000000745800000, 0x0000000745a00000|  0%| F|  |TAMS 0x0000000745800000, 0x0000000745800000| Untracked 
| 557|0x0000000745a00000, 0x0000000745a00000, 0x0000000745c00000|  0%| F|  |TAMS 0x0000000745a00000, 0x0000000745a00000| Untracked 
| 558|0x0000000745c00000, 0x0000000745c00000, 0x0000000745e00000|  0%| F|  |TAMS 0x0000000745c00000, 0x0000000745c00000| Untracked 
| 559|0x0000000745e00000, 0x0000000745e00000, 0x0000000746000000|  0%| F|  |TAMS 0x0000000745e00000, 0x0000000745e00000| Untracked 
| 560|0x0000000746000000, 0x0000000746000000, 0x0000000746200000|  0%| F|  |TAMS 0x0000000746000000, 0x0000000746000000| Untracked 
| 561|0x0000000746200000, 0x0000000746200000, 0x0000000746400000|  0%| F|  |TAMS 0x0000000746200000, 0x0000000746200000| Untracked 
| 562|0x0000000746400000, 0x0000000746400000, 0x0000000746600000|  0%| F|  |TAMS 0x0000000746400000, 0x0000000746400000| Untracked 
| 563|0x0000000746600000, 0x0000000746600000, 0x0000000746800000|  0%| F|  |TAMS 0x0000000746600000, 0x0000000746600000| Untracked 
| 564|0x0000000746800000, 0x0000000746800000, 0x0000000746a00000|  0%| F|  |TAMS 0x0000000746800000, 0x0000000746800000| Untracked 
| 565|0x0000000746a00000, 0x0000000746a00000, 0x0000000746c00000|  0%| F|  |TAMS 0x0000000746a00000, 0x0000000746a00000| Untracked 
| 566|0x0000000746c00000, 0x0000000746c00000, 0x0000000746e00000|  0%| F|  |TAMS 0x0000000746c00000, 0x0000000746c00000| Untracked 
| 567|0x0000000746e00000, 0x0000000746e00000, 0x0000000747000000|  0%| F|  |TAMS 0x0000000746e00000, 0x0000000746e00000| Untracked 
| 568|0x0000000747000000, 0x0000000747000000, 0x0000000747200000|  0%| F|  |TAMS 0x0000000747000000, 0x0000000747000000| Untracked 
| 569|0x0000000747200000, 0x0000000747200000, 0x0000000747400000|  0%| F|  |TAMS 0x0000000747200000, 0x0000000747200000| Untracked 
| 570|0x0000000747400000, 0x0000000747400000, 0x0000000747600000|  0%| F|  |TAMS 0x0000000747400000, 0x0000000747400000| Untracked 
| 571|0x0000000747600000, 0x0000000747600000, 0x0000000747800000|  0%| F|  |TAMS 0x0000000747600000, 0x0000000747600000| Untracked 
| 572|0x0000000747800000, 0x0000000747800000, 0x0000000747a00000|  0%| F|  |TAMS 0x0000000747800000, 0x0000000747800000| Untracked 
| 573|0x0000000747a00000, 0x0000000747a00000, 0x0000000747c00000|  0%| F|  |TAMS 0x0000000747a00000, 0x0000000747a00000| Untracked 
| 574|0x0000000747c00000, 0x0000000747c00000, 0x0000000747e00000|  0%| F|  |TAMS 0x0000000747c00000, 0x0000000747c00000| Untracked 
| 575|0x0000000747e00000, 0x0000000747e00000, 0x0000000748000000|  0%| F|  |TAMS 0x0000000747e00000, 0x0000000747e00000| Untracked 
| 576|0x0000000748000000, 0x0000000748000000, 0x0000000748200000|  0%| F|  |TAMS 0x0000000748000000, 0x0000000748000000| Untracked 
| 577|0x0000000748200000, 0x0000000748200000, 0x0000000748400000|  0%| F|  |TAMS 0x0000000748200000, 0x0000000748200000| Untracked 
| 578|0x0000000748400000, 0x0000000748400000, 0x0000000748600000|  0%| F|  |TAMS 0x0000000748400000, 0x0000000748400000| Untracked 
| 579|0x0000000748600000, 0x0000000748600000, 0x0000000748800000|  0%| F|  |TAMS 0x0000000748600000, 0x0000000748600000| Untracked 
| 580|0x0000000748800000, 0x0000000748800000, 0x0000000748a00000|  0%| F|  |TAMS 0x0000000748800000, 0x0000000748800000| Untracked 
| 581|0x0000000748a00000, 0x0000000748a00000, 0x0000000748c00000|  0%| F|  |TAMS 0x0000000748a00000, 0x0000000748a00000| Untracked 
| 582|0x0000000748c00000, 0x0000000748c00000, 0x0000000748e00000|  0%| F|  |TAMS 0x0000000748c00000, 0x0000000748c00000| Untracked 
| 583|0x0000000748e00000, 0x0000000748e00000, 0x0000000749000000|  0%| F|  |TAMS 0x0000000748e00000, 0x0000000748e00000| Untracked 
| 584|0x0000000749000000, 0x0000000749000000, 0x0000000749200000|  0%| F|  |TAMS 0x0000000749000000, 0x0000000749000000| Untracked 
| 585|0x0000000749200000, 0x0000000749200000, 0x0000000749400000|  0%| F|  |TAMS 0x0000000749200000, 0x0000000749200000| Untracked 
| 586|0x0000000749400000, 0x0000000749400000, 0x0000000749600000|  0%| F|  |TAMS 0x0000000749400000, 0x0000000749400000| Untracked 
| 587|0x0000000749600000, 0x0000000749600000, 0x0000000749800000|  0%| F|  |TAMS 0x0000000749600000, 0x0000000749600000| Untracked 
| 588|0x0000000749800000, 0x0000000749800000, 0x0000000749a00000|  0%| F|  |TAMS 0x0000000749800000, 0x0000000749800000| Untracked 
| 589|0x0000000749a00000, 0x0000000749a00000, 0x0000000749c00000|  0%| F|  |TAMS 0x0000000749a00000, 0x0000000749a00000| Untracked 
| 590|0x0000000749c00000, 0x0000000749c00000, 0x0000000749e00000|  0%| F|  |TAMS 0x0000000749c00000, 0x0000000749c00000| Untracked 
| 591|0x0000000749e00000, 0x0000000749e00000, 0x000000074a000000|  0%| F|  |TAMS 0x0000000749e00000, 0x0000000749e00000| Untracked 
| 592|0x000000074a000000, 0x000000074a000000, 0x000000074a200000|  0%| F|  |TAMS 0x000000074a000000, 0x000000074a000000| Untracked 
| 593|0x000000074a200000, 0x000000074a200000, 0x000000074a400000|  0%| F|  |TAMS 0x000000074a200000, 0x000000074a200000| Untracked 
| 594|0x000000074a400000, 0x000000074a400000, 0x000000074a600000|  0%| F|  |TAMS 0x000000074a400000, 0x000000074a400000| Untracked 
| 595|0x000000074a600000, 0x000000074a600000, 0x000000074a800000|  0%| F|  |TAMS 0x000000074a600000, 0x000000074a600000| Untracked 
| 596|0x000000074a800000, 0x000000074a800000, 0x000000074aa00000|  0%| F|  |TAMS 0x000000074a800000, 0x000000074a800000| Untracked 
| 597|0x000000074aa00000, 0x000000074aa00000, 0x000000074ac00000|  0%| F|  |TAMS 0x000000074aa00000, 0x000000074aa00000| Untracked 
| 598|0x000000074ac00000, 0x000000074ac00000, 0x000000074ae00000|  0%| F|  |TAMS 0x000000074ac00000, 0x000000074ac00000| Untracked 
| 599|0x000000074ae00000, 0x000000074ae00000, 0x000000074b000000|  0%| F|  |TAMS 0x000000074ae00000, 0x000000074ae00000| Untracked 
| 600|0x000000074b000000, 0x000000074b000000, 0x000000074b200000|  0%| F|  |TAMS 0x000000074b000000, 0x000000074b000000| Untracked 
| 601|0x000000074b200000, 0x000000074b200000, 0x000000074b400000|  0%| F|  |TAMS 0x000000074b200000, 0x000000074b200000| Untracked 
| 602|0x000000074b400000, 0x000000074b400000, 0x000000074b600000|  0%| F|  |TAMS 0x000000074b400000, 0x000000074b400000| Untracked 
| 603|0x000000074b600000, 0x000000074b600000, 0x000000074b800000|  0%| F|  |TAMS 0x000000074b600000, 0x000000074b600000| Untracked 
| 604|0x000000074b800000, 0x000000074b800000, 0x000000074ba00000|  0%| F|  |TAMS 0x000000074b800000, 0x000000074b800000| Untracked 
| 605|0x000000074ba00000, 0x000000074ba00000, 0x000000074bc00000|  0%| F|  |TAMS 0x000000074ba00000, 0x000000074ba00000| Untracked 
| 606|0x000000074bc00000, 0x000000074bc00000, 0x000000074be00000|  0%| F|  |TAMS 0x000000074bc00000, 0x000000074bc00000| Untracked 
| 607|0x000000074be00000, 0x000000074be00000, 0x000000074c000000|  0%| F|  |TAMS 0x000000074be00000, 0x000000074be00000| Untracked 
| 608|0x000000074c000000, 0x000000074c000000, 0x000000074c200000|  0%| F|  |TAMS 0x000000074c000000, 0x000000074c000000| Untracked 
| 609|0x000000074c200000, 0x000000074c200000, 0x000000074c400000|  0%| F|  |TAMS 0x000000074c200000, 0x000000074c200000| Untracked 
| 610|0x000000074c400000, 0x000000074c400000, 0x000000074c600000|  0%| F|  |TAMS 0x000000074c400000, 0x000000074c400000| Untracked 
| 611|0x000000074c600000, 0x000000074c600000, 0x000000074c800000|  0%| F|  |TAMS 0x000000074c600000, 0x000000074c600000| Untracked 
| 612|0x000000074c800000, 0x000000074c800000, 0x000000074ca00000|  0%| F|  |TAMS 0x000000074c800000, 0x000000074c800000| Untracked 
| 613|0x000000074ca00000, 0x000000074ca00000, 0x000000074cc00000|  0%| F|  |TAMS 0x000000074ca00000, 0x000000074ca00000| Untracked 
| 614|0x000000074cc00000, 0x000000074cc00000, 0x000000074ce00000|  0%| F|  |TAMS 0x000000074cc00000, 0x000000074cc00000| Untracked 
| 615|0x000000074ce00000, 0x000000074ce00000, 0x000000074d000000|  0%| F|  |TAMS 0x000000074ce00000, 0x000000074ce00000| Untracked 
| 616|0x000000074d000000, 0x000000074d000000, 0x000000074d200000|  0%| F|  |TAMS 0x000000074d000000, 0x000000074d000000| Untracked 
| 617|0x000000074d200000, 0x000000074d200000, 0x000000074d400000|  0%| F|  |TAMS 0x000000074d200000, 0x000000074d200000| Untracked 
| 618|0x000000074d400000, 0x000000074d400000, 0x000000074d600000|  0%| F|  |TAMS 0x000000074d400000, 0x000000074d400000| Untracked 
| 619|0x000000074d600000, 0x000000074d600000, 0x000000074d800000|  0%| F|  |TAMS 0x000000074d600000, 0x000000074d600000| Untracked 
| 620|0x000000074d800000, 0x000000074d800000, 0x000000074da00000|  0%| F|  |TAMS 0x000000074d800000, 0x000000074d800000| Untracked 
| 621|0x000000074da00000, 0x000000074da00000, 0x000000074dc00000|  0%| F|  |TAMS 0x000000074da00000, 0x000000074da00000| Untracked 
| 622|0x000000074dc00000, 0x000000074dc00000, 0x000000074de00000|  0%| F|  |TAMS 0x000000074dc00000, 0x000000074dc00000| Untracked 
| 623|0x000000074de00000, 0x000000074de00000, 0x000000074e000000|  0%| F|  |TAMS 0x000000074de00000, 0x000000074de00000| Untracked 
| 624|0x000000074e000000, 0x000000074e000000, 0x000000074e200000|  0%| F|  |TAMS 0x000000074e000000, 0x000000074e000000| Untracked 
| 625|0x000000074e200000, 0x000000074e200000, 0x000000074e400000|  0%| F|  |TAMS 0x000000074e200000, 0x000000074e200000| Untracked 
| 626|0x000000074e400000, 0x000000074e400000, 0x000000074e600000|  0%| F|  |TAMS 0x000000074e400000, 0x000000074e400000| Untracked 
| 627|0x000000074e600000, 0x000000074e600000, 0x000000074e800000|  0%| F|  |TAMS 0x000000074e600000, 0x000000074e600000| Untracked 
| 628|0x000000074e800000, 0x000000074e800000, 0x000000074ea00000|  0%| F|  |TAMS 0x000000074e800000, 0x000000074e800000| Untracked 
| 629|0x000000074ea00000, 0x000000074ea00000, 0x000000074ec00000|  0%| F|  |TAMS 0x000000074ea00000, 0x000000074ea00000| Untracked 
| 630|0x000000074ec00000, 0x000000074ec00000, 0x000000074ee00000|  0%| F|  |TAMS 0x000000074ec00000, 0x000000074ec00000| Untracked 
| 631|0x000000074ee00000, 0x000000074ee00000, 0x000000074f000000|  0%| F|  |TAMS 0x000000074ee00000, 0x000000074ee00000| Untracked 
| 632|0x000000074f000000, 0x000000074f000000, 0x000000074f200000|  0%| F|  |TAMS 0x000000074f000000, 0x000000074f000000| Untracked 
| 633|0x000000074f200000, 0x000000074f200000, 0x000000074f400000|  0%| F|  |TAMS 0x000000074f200000, 0x000000074f200000| Untracked 
| 634|0x000000074f400000, 0x000000074f400000, 0x000000074f600000|  0%| F|  |TAMS 0x000000074f400000, 0x000000074f400000| Untracked 
| 635|0x000000074f600000, 0x000000074f600000, 0x000000074f800000|  0%| F|  |TAMS 0x000000074f600000, 0x000000074f600000| Untracked 
| 636|0x000000074f800000, 0x000000074f800000, 0x000000074fa00000|  0%| F|  |TAMS 0x000000074f800000, 0x000000074f800000| Untracked 
| 637|0x000000074fa00000, 0x000000074fa00000, 0x000000074fc00000|  0%| F|  |TAMS 0x000000074fa00000, 0x000000074fa00000| Untracked 
| 638|0x000000074fc00000, 0x000000074fc00000, 0x000000074fe00000|  0%| F|  |TAMS 0x000000074fc00000, 0x000000074fc00000| Untracked 
| 639|0x000000074fe00000, 0x000000074fe00000, 0x0000000750000000|  0%| F|  |TAMS 0x000000074fe00000, 0x000000074fe00000| Untracked 
| 640|0x0000000750000000, 0x0000000750000000, 0x0000000750200000|  0%| F|  |TAMS 0x0000000750000000, 0x0000000750000000| Untracked 
| 641|0x0000000750200000, 0x0000000750200000, 0x0000000750400000|  0%| F|  |TAMS 0x0000000750200000, 0x0000000750200000| Untracked 
| 642|0x0000000750400000, 0x0000000750400000, 0x0000000750600000|  0%| F|  |TAMS 0x0000000750400000, 0x0000000750400000| Untracked 
| 643|0x0000000750600000, 0x0000000750600000, 0x0000000750800000|  0%| F|  |TAMS 0x0000000750600000, 0x0000000750600000| Untracked 
| 644|0x0000000750800000, 0x0000000750800000, 0x0000000750a00000|  0%| F|  |TAMS 0x0000000750800000, 0x0000000750800000| Untracked 
| 645|0x0000000750a00000, 0x0000000750a00000, 0x0000000750c00000|  0%| F|  |TAMS 0x0000000750a00000, 0x0000000750a00000| Untracked 
| 646|0x0000000750c00000, 0x0000000750c00000, 0x0000000750e00000|  0%| F|  |TAMS 0x0000000750c00000, 0x0000000750c00000| Untracked 
| 647|0x0000000750e00000, 0x0000000750e00000, 0x0000000751000000|  0%| F|  |TAMS 0x0000000750e00000, 0x0000000750e00000| Untracked 
| 648|0x0000000751000000, 0x0000000751000000, 0x0000000751200000|  0%| F|  |TAMS 0x0000000751000000, 0x0000000751000000| Untracked 
| 649|0x0000000751200000, 0x0000000751200000, 0x0000000751400000|  0%| F|  |TAMS 0x0000000751200000, 0x0000000751200000| Untracked 
| 650|0x0000000751400000, 0x0000000751400000, 0x0000000751600000|  0%| F|  |TAMS 0x0000000751400000, 0x0000000751400000| Untracked 
| 651|0x0000000751600000, 0x0000000751600000, 0x0000000751800000|  0%| F|  |TAMS 0x0000000751600000, 0x0000000751600000| Untracked 
| 652|0x0000000751800000, 0x0000000751800000, 0x0000000751a00000|  0%| F|  |TAMS 0x0000000751800000, 0x0000000751800000| Untracked 
| 653|0x0000000751a00000, 0x0000000751a00000, 0x0000000751c00000|  0%| F|  |TAMS 0x0000000751a00000, 0x0000000751a00000| Untracked 
| 654|0x0000000751c00000, 0x0000000751c00000, 0x0000000751e00000|  0%| F|  |TAMS 0x0000000751c00000, 0x0000000751c00000| Untracked 
| 655|0x0000000751e00000, 0x0000000751e00000, 0x0000000752000000|  0%| F|  |TAMS 0x0000000751e00000, 0x0000000751e00000| Untracked 
| 656|0x0000000752000000, 0x0000000752000000, 0x0000000752200000|  0%| F|  |TAMS 0x0000000752000000, 0x0000000752000000| Untracked 
| 657|0x0000000752200000, 0x0000000752200000, 0x0000000752400000|  0%| F|  |TAMS 0x0000000752200000, 0x0000000752200000| Untracked 
| 658|0x0000000752400000, 0x0000000752400000, 0x0000000752600000|  0%| F|  |TAMS 0x0000000752400000, 0x0000000752400000| Untracked 
| 659|0x0000000752600000, 0x0000000752600000, 0x0000000752800000|  0%| F|  |TAMS 0x0000000752600000, 0x0000000752600000| Untracked 
| 660|0x0000000752800000, 0x0000000752800000, 0x0000000752a00000|  0%| F|  |TAMS 0x0000000752800000, 0x0000000752800000| Untracked 
| 661|0x0000000752a00000, 0x0000000752a00000, 0x0000000752c00000|  0%| F|  |TAMS 0x0000000752a00000, 0x0000000752a00000| Untracked 
| 662|0x0000000752c00000, 0x0000000752c00000, 0x0000000752e00000|  0%| F|  |TAMS 0x0000000752c00000, 0x0000000752c00000| Untracked 
| 663|0x0000000752e00000, 0x0000000752e00000, 0x0000000753000000|  0%| F|  |TAMS 0x0000000752e00000, 0x0000000752e00000| Untracked 
| 664|0x0000000753000000, 0x0000000753000000, 0x0000000753200000|  0%| F|  |TAMS 0x0000000753000000, 0x0000000753000000| Untracked 
| 665|0x0000000753200000, 0x0000000753200000, 0x0000000753400000|  0%| F|  |TAMS 0x0000000753200000, 0x0000000753200000| Untracked 
| 666|0x0000000753400000, 0x0000000753400000, 0x0000000753600000|  0%| F|  |TAMS 0x0000000753400000, 0x0000000753400000| Untracked 
| 667|0x0000000753600000, 0x0000000753600000, 0x0000000753800000|  0%| F|  |TAMS 0x0000000753600000, 0x0000000753600000| Untracked 
| 668|0x0000000753800000, 0x0000000753800000, 0x0000000753a00000|  0%| F|  |TAMS 0x0000000753800000, 0x0000000753800000| Untracked 
| 669|0x0000000753a00000, 0x0000000753a00000, 0x0000000753c00000|  0%| F|  |TAMS 0x0000000753a00000, 0x0000000753a00000| Untracked 
| 670|0x0000000753c00000, 0x0000000753c00000, 0x0000000753e00000|  0%| F|  |TAMS 0x0000000753c00000, 0x0000000753c00000| Untracked 
| 671|0x0000000753e00000, 0x0000000753e00000, 0x0000000754000000|  0%| F|  |TAMS 0x0000000753e00000, 0x0000000753e00000| Untracked 
| 672|0x0000000754000000, 0x0000000754000000, 0x0000000754200000|  0%| F|  |TAMS 0x0000000754000000, 0x0000000754000000| Untracked 
| 673|0x0000000754200000, 0x0000000754200000, 0x0000000754400000|  0%| F|  |TAMS 0x0000000754200000, 0x0000000754200000| Untracked 
| 674|0x0000000754400000, 0x0000000754400000, 0x0000000754600000|  0%| F|  |TAMS 0x0000000754400000, 0x0000000754400000| Untracked 
| 675|0x0000000754600000, 0x0000000754600000, 0x0000000754800000|  0%| F|  |TAMS 0x0000000754600000, 0x0000000754600000| Untracked 
| 676|0x0000000754800000, 0x0000000754800000, 0x0000000754a00000|  0%| F|  |TAMS 0x0000000754800000, 0x0000000754800000| Untracked 
| 677|0x0000000754a00000, 0x0000000754a00000, 0x0000000754c00000|  0%| F|  |TAMS 0x0000000754a00000, 0x0000000754a00000| Untracked 
| 678|0x0000000754c00000, 0x0000000754c00000, 0x0000000754e00000|  0%| F|  |TAMS 0x0000000754c00000, 0x0000000754c00000| Untracked 
| 679|0x0000000754e00000, 0x0000000754e00000, 0x0000000755000000|  0%| F|  |TAMS 0x0000000754e00000, 0x0000000754e00000| Untracked 
| 680|0x0000000755000000, 0x0000000755000000, 0x0000000755200000|  0%| F|  |TAMS 0x0000000755000000, 0x0000000755000000| Untracked 
| 681|0x0000000755200000, 0x0000000755200000, 0x0000000755400000|  0%| F|  |TAMS 0x0000000755200000, 0x0000000755200000| Untracked 
| 682|0x0000000755400000, 0x0000000755400000, 0x0000000755600000|  0%| F|  |TAMS 0x0000000755400000, 0x0000000755400000| Untracked 
| 683|0x0000000755600000, 0x0000000755600000, 0x0000000755800000|  0%| F|  |TAMS 0x0000000755600000, 0x0000000755600000| Untracked 
| 684|0x0000000755800000, 0x0000000755800000, 0x0000000755a00000|  0%| F|  |TAMS 0x0000000755800000, 0x0000000755800000| Untracked 
| 685|0x0000000755a00000, 0x0000000755a00000, 0x0000000755c00000|  0%| F|  |TAMS 0x0000000755a00000, 0x0000000755a00000| Untracked 
| 686|0x0000000755c00000, 0x0000000755c00000, 0x0000000755e00000|  0%| F|  |TAMS 0x0000000755c00000, 0x0000000755c00000| Untracked 
| 687|0x0000000755e00000, 0x0000000755e00000, 0x0000000756000000|  0%| F|  |TAMS 0x0000000755e00000, 0x0000000755e00000| Untracked 
| 688|0x0000000756000000, 0x0000000756000000, 0x0000000756200000|  0%| F|  |TAMS 0x0000000756000000, 0x0000000756000000| Untracked 
| 689|0x0000000756200000, 0x0000000756200000, 0x0000000756400000|  0%| F|  |TAMS 0x0000000756200000, 0x0000000756200000| Untracked 
| 690|0x0000000756400000, 0x0000000756400000, 0x0000000756600000|  0%| F|  |TAMS 0x0000000756400000, 0x0000000756400000| Untracked 
| 691|0x0000000756600000, 0x0000000756600000, 0x0000000756800000|  0%| F|  |TAMS 0x0000000756600000, 0x0000000756600000| Untracked 
| 692|0x0000000756800000, 0x0000000756800000, 0x0000000756a00000|  0%| F|  |TAMS 0x0000000756800000, 0x0000000756800000| Untracked 
| 693|0x0000000756a00000, 0x0000000756a00000, 0x0000000756c00000|  0%| F|  |TAMS 0x0000000756a00000, 0x0000000756a00000| Untracked 
| 694|0x0000000756c00000, 0x0000000756c00000, 0x0000000756e00000|  0%| F|  |TAMS 0x0000000756c00000, 0x0000000756c00000| Untracked 
| 695|0x0000000756e00000, 0x0000000756e00000, 0x0000000757000000|  0%| F|  |TAMS 0x0000000756e00000, 0x0000000756e00000| Untracked 
| 696|0x0000000757000000, 0x0000000757000000, 0x0000000757200000|  0%| F|  |TAMS 0x0000000757000000, 0x0000000757000000| Untracked 
| 697|0x0000000757200000, 0x0000000757200000, 0x0000000757400000|  0%| F|  |TAMS 0x0000000757200000, 0x0000000757200000| Untracked 
| 698|0x0000000757400000, 0x0000000757400000, 0x0000000757600000|  0%| F|  |TAMS 0x0000000757400000, 0x0000000757400000| Untracked 
| 699|0x0000000757600000, 0x0000000757600000, 0x0000000757800000|  0%| F|  |TAMS 0x0000000757600000, 0x0000000757600000| Untracked 
| 700|0x0000000757800000, 0x0000000757800000, 0x0000000757a00000|  0%| F|  |TAMS 0x0000000757800000, 0x0000000757800000| Untracked 
| 701|0x0000000757a00000, 0x0000000757a00000, 0x0000000757c00000|  0%| F|  |TAMS 0x0000000757a00000, 0x0000000757a00000| Untracked 
| 702|0x0000000757c00000, 0x0000000757c00000, 0x0000000757e00000|  0%| F|  |TAMS 0x0000000757c00000, 0x0000000757c00000| Untracked 
| 703|0x0000000757e00000, 0x0000000757e00000, 0x0000000758000000|  0%| F|  |TAMS 0x0000000757e00000, 0x0000000757e00000| Untracked 
| 704|0x0000000758000000, 0x0000000758000000, 0x0000000758200000|  0%| F|  |TAMS 0x0000000758000000, 0x0000000758000000| Untracked 
| 705|0x0000000758200000, 0x0000000758200000, 0x0000000758400000|  0%| F|  |TAMS 0x0000000758200000, 0x0000000758200000| Untracked 
| 706|0x0000000758400000, 0x0000000758400000, 0x0000000758600000|  0%| F|  |TAMS 0x0000000758400000, 0x0000000758400000| Untracked 
| 707|0x0000000758600000, 0x0000000758600000, 0x0000000758800000|  0%| F|  |TAMS 0x0000000758600000, 0x0000000758600000| Untracked 
| 708|0x0000000758800000, 0x0000000758800000, 0x0000000758a00000|  0%| F|  |TAMS 0x0000000758800000, 0x0000000758800000| Untracked 
| 709|0x0000000758a00000, 0x0000000758a00000, 0x0000000758c00000|  0%| F|  |TAMS 0x0000000758a00000, 0x0000000758a00000| Untracked 
| 710|0x0000000758c00000, 0x0000000758c00000, 0x0000000758e00000|  0%| F|  |TAMS 0x0000000758c00000, 0x0000000758c00000| Untracked 
| 711|0x0000000758e00000, 0x0000000758e00000, 0x0000000759000000|  0%| F|  |TAMS 0x0000000758e00000, 0x0000000758e00000| Untracked 
| 712|0x0000000759000000, 0x0000000759000000, 0x0000000759200000|  0%| F|  |TAMS 0x0000000759000000, 0x0000000759000000| Untracked 
| 713|0x0000000759200000, 0x0000000759200000, 0x0000000759400000|  0%| F|  |TAMS 0x0000000759200000, 0x0000000759200000| Untracked 
| 714|0x0000000759400000, 0x0000000759400000, 0x0000000759600000|  0%| F|  |TAMS 0x0000000759400000, 0x0000000759400000| Untracked 
| 715|0x0000000759600000, 0x0000000759600000, 0x0000000759800000|  0%| F|  |TAMS 0x0000000759600000, 0x0000000759600000| Untracked 
| 716|0x0000000759800000, 0x0000000759800000, 0x0000000759a00000|  0%| F|  |TAMS 0x0000000759800000, 0x0000000759800000| Untracked 
| 717|0x0000000759a00000, 0x0000000759a00000, 0x0000000759c00000|  0%| F|  |TAMS 0x0000000759a00000, 0x0000000759a00000| Untracked 
| 718|0x0000000759c00000, 0x0000000759c00000, 0x0000000759e00000|  0%| F|  |TAMS 0x0000000759c00000, 0x0000000759c00000| Untracked 
| 719|0x0000000759e00000, 0x0000000759e00000, 0x000000075a000000|  0%| F|  |TAMS 0x0000000759e00000, 0x0000000759e00000| Untracked 
| 720|0x000000075a000000, 0x000000075a000000, 0x000000075a200000|  0%| F|  |TAMS 0x000000075a000000, 0x000000075a000000| Untracked 
| 721|0x000000075a200000, 0x000000075a200000, 0x000000075a400000|  0%| F|  |TAMS 0x000000075a200000, 0x000000075a200000| Untracked 
| 722|0x000000075a400000, 0x000000075a400000, 0x000000075a600000|  0%| F|  |TAMS 0x000000075a400000, 0x000000075a400000| Untracked 
| 723|0x000000075a600000, 0x000000075a600000, 0x000000075a800000|  0%| F|  |TAMS 0x000000075a600000, 0x000000075a600000| Untracked 
| 724|0x000000075a800000, 0x000000075a800000, 0x000000075aa00000|  0%| F|  |TAMS 0x000000075a800000, 0x000000075a800000| Untracked 
| 725|0x000000075aa00000, 0x000000075aa00000, 0x000000075ac00000|  0%| F|  |TAMS 0x000000075aa00000, 0x000000075aa00000| Untracked 
| 726|0x000000075ac00000, 0x000000075ac00000, 0x000000075ae00000|  0%| F|  |TAMS 0x000000075ac00000, 0x000000075ac00000| Untracked 
| 727|0x000000075ae00000, 0x000000075ae00000, 0x000000075b000000|  0%| F|  |TAMS 0x000000075ae00000, 0x000000075ae00000| Untracked 
| 728|0x000000075b000000, 0x000000075b000000, 0x000000075b200000|  0%| F|  |TAMS 0x000000075b000000, 0x000000075b000000| Untracked 
| 729|0x000000075b200000, 0x000000075b200000, 0x000000075b400000|  0%| F|  |TAMS 0x000000075b200000, 0x000000075b200000| Untracked 
| 730|0x000000075b400000, 0x000000075b400000, 0x000000075b600000|  0%| F|  |TAMS 0x000000075b400000, 0x000000075b400000| Untracked 
| 731|0x000000075b600000, 0x000000075b600000, 0x000000075b800000|  0%| F|  |TAMS 0x000000075b600000, 0x000000075b600000| Untracked 
| 732|0x000000075b800000, 0x000000075b800000, 0x000000075ba00000|  0%| F|  |TAMS 0x000000075b800000, 0x000000075b800000| Untracked 
| 733|0x000000075ba00000, 0x000000075bc00000, 0x000000075bc00000|100%| S|CS|TAMS 0x000000075ba00000, 0x000000075ba00000| Complete 
| 734|0x000000075bc00000, 0x000000075be00000, 0x000000075be00000|100%| S|CS|TAMS 0x000000075bc00000, 0x000000075bc00000| Complete 
| 735|0x000000075be00000, 0x000000075c000000, 0x000000075c000000|100%| S|CS|TAMS 0x000000075be00000, 0x000000075be00000| Complete 
| 736|0x000000075c000000, 0x000000075c000000, 0x000000075c200000|  0%| F|  |TAMS 0x000000075c000000, 0x000000075c000000| Untracked 
| 737|0x000000075c200000, 0x000000075c200000, 0x000000075c400000|  0%| F|  |TAMS 0x000000075c200000, 0x000000075c200000| Untracked 
| 738|0x000000075c400000, 0x000000075c400000, 0x000000075c600000|  0%| F|  |TAMS 0x000000075c400000, 0x000000075c400000| Untracked 
| 739|0x000000075c600000, 0x000000075c800000, 0x000000075c800000|100%| S|CS|TAMS 0x000000075c600000, 0x000000075c600000| Complete 
| 740|0x000000075c800000, 0x000000075ca00000, 0x000000075ca00000|100%| S|CS|TAMS 0x000000075c800000, 0x000000075c800000| Complete 
| 741|0x000000075ca00000, 0x000000075ca00000, 0x000000075cc00000|  0%| F|  |TAMS 0x000000075ca00000, 0x000000075ca00000| Untracked 
| 742|0x000000075cc00000, 0x000000075cc00000, 0x000000075ce00000|  0%| F|  |TAMS 0x000000075cc00000, 0x000000075cc00000| Untracked 
| 743|0x000000075ce00000, 0x000000075ce00000, 0x000000075d000000|  0%| F|  |TAMS 0x000000075ce00000, 0x000000075ce00000| Untracked 
| 744|0x000000075d000000, 0x000000075d000000, 0x000000075d200000|  0%| F|  |TAMS 0x000000075d000000, 0x000000075d000000| Untracked 
| 745|0x000000075d200000, 0x000000075d200000, 0x000000075d400000|  0%| F|  |TAMS 0x000000075d200000, 0x000000075d200000| Untracked 
| 746|0x000000075d400000, 0x000000075d400000, 0x000000075d600000|  0%| F|  |TAMS 0x000000075d400000, 0x000000075d400000| Untracked 
| 747|0x000000075d600000, 0x000000075d600000, 0x000000075d800000|  0%| F|  |TAMS 0x000000075d600000, 0x000000075d600000| Untracked 
| 748|0x000000075d800000, 0x000000075d800000, 0x000000075da00000|  0%| F|  |TAMS 0x000000075d800000, 0x000000075d800000| Untracked 
| 749|0x000000075da00000, 0x000000075da00000, 0x000000075dc00000|  0%| F|  |TAMS 0x000000075da00000, 0x000000075da00000| Untracked 
| 750|0x000000075dc00000, 0x000000075dc00000, 0x000000075de00000|  0%| F|  |TAMS 0x000000075dc00000, 0x000000075dc00000| Untracked 
| 751|0x000000075de00000, 0x000000075de00000, 0x000000075e000000|  0%| F|  |TAMS 0x000000075de00000, 0x000000075de00000| Untracked 
| 752|0x000000075e000000, 0x000000075e000000, 0x000000075e200000|  0%| F|  |TAMS 0x000000075e000000, 0x000000075e000000| Untracked 
| 753|0x000000075e200000, 0x000000075e200000, 0x000000075e400000|  0%| F|  |TAMS 0x000000075e200000, 0x000000075e200000| Untracked 
| 754|0x000000075e400000, 0x000000075e400000, 0x000000075e600000|  0%| F|  |TAMS 0x000000075e400000, 0x000000075e400000| Untracked 
| 755|0x000000075e600000, 0x000000075e600000, 0x000000075e800000|  0%| F|  |TAMS 0x000000075e600000, 0x000000075e600000| Untracked 
| 756|0x000000075e800000, 0x000000075e800000, 0x000000075ea00000|  0%| F|  |TAMS 0x000000075e800000, 0x000000075e800000| Untracked 
| 757|0x000000075ea00000, 0x000000075ea00000, 0x000000075ec00000|  0%| F|  |TAMS 0x000000075ea00000, 0x000000075ea00000| Untracked 
| 758|0x000000075ec00000, 0x000000075ec00000, 0x000000075ee00000|  0%| F|  |TAMS 0x000000075ec00000, 0x000000075ec00000| Untracked 
| 759|0x000000075ee00000, 0x000000075ee00000, 0x000000075f000000|  0%| F|  |TAMS 0x000000075ee00000, 0x000000075ee00000| Untracked 
| 760|0x000000075f000000, 0x000000075f000000, 0x000000075f200000|  0%| F|  |TAMS 0x000000075f000000, 0x000000075f000000| Untracked 
| 761|0x000000075f200000, 0x000000075f200000, 0x000000075f400000|  0%| F|  |TAMS 0x000000075f200000, 0x000000075f200000| Untracked 
| 762|0x000000075f400000, 0x000000075f400000, 0x000000075f600000|  0%| F|  |TAMS 0x000000075f400000, 0x000000075f400000| Untracked 
| 763|0x000000075f600000, 0x000000075f600000, 0x000000075f800000|  0%| F|  |TAMS 0x000000075f600000, 0x000000075f600000| Untracked 
| 764|0x000000075f800000, 0x000000075f800000, 0x000000075fa00000|  0%| F|  |TAMS 0x000000075f800000, 0x000000075f800000| Untracked 
| 765|0x000000075fa00000, 0x000000075fa00000, 0x000000075fc00000|  0%| F|  |TAMS 0x000000075fa00000, 0x000000075fa00000| Untracked 
| 766|0x000000075fc00000, 0x000000075fc00000, 0x000000075fe00000|  0%| F|  |TAMS 0x000000075fc00000, 0x000000075fc00000| Untracked 
| 767|0x000000075fe00000, 0x000000075fe00000, 0x0000000760000000|  0%| F|  |TAMS 0x000000075fe00000, 0x000000075fe00000| Untracked 
| 768|0x0000000760000000, 0x0000000760000000, 0x0000000760200000|  0%| F|  |TAMS 0x0000000760000000, 0x0000000760000000| Untracked 
| 769|0x0000000760200000, 0x0000000760200000, 0x0000000760400000|  0%| F|  |TAMS 0x0000000760200000, 0x0000000760200000| Untracked 
| 770|0x0000000760400000, 0x0000000760400000, 0x0000000760600000|  0%| F|  |TAMS 0x0000000760400000, 0x0000000760400000| Untracked 
| 771|0x0000000760600000, 0x0000000760600000, 0x0000000760800000|  0%| F|  |TAMS 0x0000000760600000, 0x0000000760600000| Untracked 
| 772|0x0000000760800000, 0x0000000760800000, 0x0000000760a00000|  0%| F|  |TAMS 0x0000000760800000, 0x0000000760800000| Untracked 
| 773|0x0000000760a00000, 0x0000000760a00000, 0x0000000760c00000|  0%| F|  |TAMS 0x0000000760a00000, 0x0000000760a00000| Untracked 

Card table byte_map: [0x0000020dec880000,0x0000020ded080000] _byte_map_base: 0x0000020de9080000

Marking Bits (Prev, Next): (CMBitMap*) 0x0000020dd52486c0, (CMBitMap*) 0x0000020dd5248680
 Prev Bits: [0x0000020df1880000, 0x0000020df5880000)
 Next Bits: [0x0000020ded880000, 0x0000020df1880000)

Polling page: 0x0000020dd3030000

Metaspace:

Usage:
  Non-class:    232.97 MB used.
      Class:     33.43 MB used.
       Both:    266.39 MB used.

Virtual space:
  Non-class space:      256.00 MB reserved,     234.56 MB ( 92%) committed,  4 nodes.
      Class space:        1.00 GB reserved,      34.69 MB (  3%) committed,  1 nodes.
             Both:        1.25 GB reserved,     269.25 MB ( 21%) committed. 

Chunk freelists:
   Non-Class:  5.25 MB
       Class:  13.33 MB
        Both:  18.58 MB

MaxMetaspaceSize: unlimited
CompressedClassSpaceSize: 1.00 GB
Initial GC threshold: 21.00 MB
Current GC threshold: 390.44 MB
CDS: on
MetaspaceReclaimPolicy: balanced
 - commit_granule_bytes: 65536.
 - commit_granule_words: 8192.
 - virtual_space_node_default_size: 8388608.
 - enlarge_chunks_in_place: 1.
 - new_chunks_are_fully_committed: 0.
 - uncommit_free_chunks: 1.
 - use_allocation_guard: 0.
 - handle_deallocations: 1.


Internal statistics:

num_allocs_failed_limit: 48.
num_arena_births: 4528.
num_arena_deaths: 326.
num_vsnodes_births: 5.
num_vsnodes_deaths: 0.
num_space_committed: 4984.
num_space_uncommitted: 680.
num_chunks_returned_to_freelist: 4044.
num_chunks_taken_from_freelist: 21970.
num_chunk_merges: 1319.
num_chunk_splits: 12778.
num_chunks_enlarged: 6345.
num_inconsistent_stats: 0.

CodeHeap 'non-profiled nmethods': size=120000Kb used=22525Kb max_used=22525Kb free=97474Kb
 bounds [0x0000020de4810000, 0x0000020de5e10000, 0x0000020debd40000]
CodeHeap 'profiled nmethods': size=120000Kb used=69435Kb max_used=69435Kb free=50564Kb
 bounds [0x0000020ddcd40000, 0x0000020de1110000, 0x0000020de4270000]
CodeHeap 'non-nmethods': size=5760Kb used=1964Kb max_used=2079Kb free=3795Kb
 bounds [0x0000020de4270000, 0x0000020de44e0000, 0x0000020de4810000]
 total_blobs=36650 nmethods=35624 adapters=931
 compilation: enabled
              stopped_count=0, restarted_count=0
 full_count=0

Compilation events (20 events):
Event: 218.692 Thread 0x0000020e009db1e0 46759       4       com.sun.tools.javac.file.RelativePath$RelativeFile::<init> (26 bytes)
Event: 218.693 Thread 0x0000020df83391d0 nmethod 46470 0x0000020de5e0b590 code [0x0000020de5e0b720, 0x0000020de5e0b7b8]
Event: 218.693 Thread 0x0000020df83391d0 46593       4       com.sun.tools.javac.tree.JCTree$JCImport::accept (6 bytes)
Event: 218.694 Thread 0x0000020df83391d0 nmethod 46593 0x0000020de5e0b890 code [0x0000020de5e0ba20, 0x0000020de5e0bab8]
Event: 218.694 Thread 0x0000020df83391d0 46788       4       com.sun.tools.javac.tree.JCTree$JCClassDecl::accept (9 bytes)
Event: 218.695 Thread 0x0000020df83391d0 nmethod 46788 0x0000020de5e0bb90 code [0x0000020de5e0bd20, 0x0000020de5e0bdb8]
Event: 218.695 Thread 0x0000020df83391d0 46641       4       com.sun.tools.javac.tree.JCTree$JCWildcard::accept (6 bytes)
Event: 218.696 Thread 0x0000020df83391d0 nmethod 46641 0x0000020de5e0be90 code [0x0000020de5e0c020, 0x0000020de5e0c0b8]
Event: 218.696 Thread 0x0000020df83391d0 46558       4       java.util.Collections$UnmodifiableList$1::nextIndex (10 bytes)
Event: 218.696 Thread 0x0000020df83391d0 nmethod 46558 0x0000020de5e0c190 code [0x0000020de5e0c320, 0x0000020de5e0c3b8]
Event: 218.696 Thread 0x0000020df83391d0 46566       4       com.sun.tools.javac.code.Type$ArrayType::getKind (4 bytes)
Event: 218.697 Thread 0x0000020df83391d0 nmethod 46566 0x0000020de5e0c490 code [0x0000020de5e0c620, 0x0000020de5e0c698]
Event: 218.701 Thread 0x0000020e009db1e0 nmethod 46759 0x0000020de5e0c790 code [0x0000020de5e0c920, 0x0000020de5e0cf38]
Event: 218.737 Thread 0x0000020e009db1e0 46832       4       com.sun.tools.javac.util.Iterators$2::hasNext (13 bytes)
Event: 218.738 Thread 0x0000020df83391d0 46833       4       com.sun.tools.javac.util.Iterators$2::update (42 bytes)
Event: 218.738 Thread 0x0000020e009db1e0 nmethod 46832 0x0000020de5e0d110 code [0x0000020de5e0d280, 0x0000020de5e0d318]
Event: 218.738 Thread 0x0000020e009db1e0 46834       4       com.sun.tools.javac.comp.Annotate::annotateLater (41 bytes)
Event: 218.755 Thread 0x0000020df83391d0 nmethod 46833 0x0000020de5e0d410 code [0x0000020de5e0d600, 0x0000020de5e0df38]
Event: 218.755 Thread 0x0000020df83391d0 46835       4       com.sun.tools.javac.file.PathFileObject::forDirectoryPath (12 bytes)
Event: 218.773 Thread 0x0000020df83391d0 nmethod 46835 0x0000020de5e0e510 code [0x0000020de5e0e700, 0x0000020de5e0ef68]

GC Heap History (20 events):
Event: 171.595 GC heap after
{Heap after GC invocations=119 (full 0):
 garbage-first heap   total 1054720K, used 419010K [0x0000000700000000, 0x0000000800000000)
  region size 2048K, 2 young (4096K), 2 survivors (4096K)
 Metaspace       used 222177K, committed 225088K, reserved 1310720K
  class space    used 28263K, committed 29632K, reserved 1048576K
}
Event: 171.937 GC heap before
{Heap before GC invocations=119 (full 0):
 garbage-first heap   total 1054720K, used 470210K [0x0000000700000000, 0x0000000800000000)
  region size 2048K, 25 young (51200K), 2 survivors (4096K)
 Metaspace       used 223365K, committed 226176K, reserved 1310720K
  class space    used 28379K, committed 29632K, reserved 1048576K
}
Event: 171.996 GC heap after
{Heap after GC invocations=120 (full 0):
 garbage-first heap   total 1054720K, used 438777K [0x0000000700000000, 0x0000000800000000)
  region size 2048K, 4 young (8192K), 4 survivors (8192K)
 Metaspace       used 223365K, committed 226176K, reserved 1310720K
  class space    used 28379K, committed 29632K, reserved 1048576K
}
Event: 175.899 GC heap before
{Heap before GC invocations=120 (full 0):
 garbage-first heap   total 1054720K, used 862713K [0x0000000700000000, 0x0000000800000000)
  region size 2048K, 200 young (409600K), 4 survivors (8192K)
 Metaspace       used 234707K, committed 237568K, reserved 1310720K
  class space    used 29484K, committed 30720K, reserved 1048576K
}
Event: 175.978 GC heap after
{Heap after GC invocations=121 (full 0):
 garbage-first heap   total 1585152K, used 505596K [0x0000000700000000, 0x0000000800000000)
  region size 2048K, 25 young (51200K), 25 survivors (51200K)
 Metaspace       used 234707K, committed 237568K, reserved 1310720K
  class space    used 29484K, committed 30720K, reserved 1048576K
}
Event: 187.474 GC heap before
{Heap before GC invocations=122 (full 0):
 garbage-first heap   total 1585152K, used 925436K [0x0000000700000000, 0x0000000800000000)
  region size 2048K, 229 young (468992K), 25 survivors (51200K)
 Metaspace       used 256063K, committed 258944K, reserved 1310720K
  class space    used 32310K, committed 33536K, reserved 1048576K
}
Event: 188.900 GC heap after
{Heap after GC invocations=123 (full 0):
 garbage-first heap   total 1585152K, used 545773K [0x0000000700000000, 0x0000000800000000)
  region size 2048K, 19 young (38912K), 19 survivors (38912K)
 Metaspace       used 256063K, committed 258944K, reserved 1310720K
  class space    used 32310K, committed 33536K, reserved 1048576K
}
Event: 207.213 GC heap before
{Heap before GC invocations=123 (full 0):
 garbage-first heap   total 1585152K, used 584685K [0x0000000700000000, 0x0000000800000000)
  region size 2048K, 38 young (77824K), 19 survivors (38912K)
 Metaspace       used 256868K, committed 259712K, reserved 1310720K
  class space    used 32425K, committed 33664K, reserved 1048576K
}
Event: 207.321 GC heap after
{Heap after GC invocations=124 (full 0):
 garbage-first heap   total 1585152K, used 550899K [0x0000000700000000, 0x0000000800000000)
  region size 2048K, 5 young (10240K), 5 survivors (10240K)
 Metaspace       used 256868K, committed 259712K, reserved 1310720K
  class space    used 32425K, committed 33664K, reserved 1048576K
}
Event: 209.144 GC heap before
{Heap before GC invocations=124 (full 0):
 garbage-first heap   total 1585152K, used 618483K [0x0000000700000000, 0x0000000800000000)
  region size 2048K, 38 young (77824K), 5 survivors (10240K)
 Metaspace       used 260351K, committed 263232K, reserved 1310720K
  class space    used 32837K, committed 34048K, reserved 1048576K
}
Event: 209.270 GC heap after
{Heap after GC invocations=125 (full 0):
 garbage-first heap   total 1585152K, used 554262K [0x0000000700000000, 0x0000000800000000)
  region size 2048K, 4 young (8192K), 4 survivors (8192K)
 Metaspace       used 260351K, committed 263232K, reserved 1310720K
  class space    used 32837K, committed 34048K, reserved 1048576K
}
Event: 213.143 GC heap before
{Heap before GC invocations=125 (full 0):
 garbage-first heap   total 1585152K, used 677142K [0x0000000700000000, 0x0000000800000000)
  region size 2048K, 65 young (133120K), 4 survivors (8192K)
 Metaspace       used 265108K, committed 267968K, reserved 1310720K
  class space    used 33378K, committed 34624K, reserved 1048576K
}
Event: 213.227 GC heap after
{Heap after GC invocations=126 (full 0):
 garbage-first heap   total 1585152K, used 588667K [0x0000000700000000, 0x0000000800000000)
  region size 2048K, 9 young (18432K), 9 survivors (18432K)
 Metaspace       used 265108K, committed 267968K, reserved 1310720K
  class space    used 33378K, committed 34624K, reserved 1048576K
}
Event: 213.611 GC heap before
{Heap before GC invocations=126 (full 0):
 garbage-first heap   total 1585152K, used 648059K [0x0000000700000000, 0x0000000800000000)
  region size 2048K, 38 young (77824K), 9 survivors (18432K)
 Metaspace       used 265512K, committed 268416K, reserved 1310720K
  class space    used 33432K, committed 34688K, reserved 1048576K
}
Event: 214.925 GC heap after
{Heap after GC invocations=127 (full 0):
 garbage-first heap   total 1585152K, used 612278K [0x0000000700000000, 0x0000000800000000)
  region size 2048K, 5 young (10240K), 5 survivors (10240K)
 Metaspace       used 265512K, committed 268416K, reserved 1310720K
  class space    used 33432K, committed 34688K, reserved 1048576K
}
Event: 215.857 GC heap before
{Heap before GC invocations=127 (full 0):
 garbage-first heap   total 1585152K, used 677814K [0x0000000700000000, 0x0000000800000000)
  region size 2048K, 38 young (77824K), 5 survivors (10240K)
 Metaspace       used 268438K, committed 271360K, reserved 1310720K
  class space    used 33816K, committed 35072K, reserved 1048576K
}
Event: 215.906 GC heap after
{Heap after GC invocations=128 (full 0):
 garbage-first heap   total 1585152K, used 618646K [0x0000000700000000, 0x0000000800000000)
  region size 2048K, 3 young (6144K), 3 survivors (6144K)
 Metaspace       used 268438K, committed 271360K, reserved 1310720K
  class space    used 33816K, committed 35072K, reserved 1048576K
}
Event: 217.183 GC heap before
{Heap before GC invocations=128 (full 0):
 garbage-first heap   total 1585152K, used 696470K [0x0000000700000000, 0x0000000800000000)
  region size 2048K, 38 young (77824K), 3 survivors (6144K)
 Metaspace       used 270095K, committed 273024K, reserved 1310720K
  class space    used 34032K, committed 35328K, reserved 1048576K
}
Event: 217.464 GC heap after
{Heap after GC invocations=129 (full 0):
 garbage-first heap   total 1585152K, used 645469K [0x0000000700000000, 0x0000000800000000)
  region size 2048K, 5 young (10240K), 5 survivors (10240K)
 Metaspace       used 270095K, committed 273024K, reserved 1310720K
  class space    used 34032K, committed 35328K, reserved 1048576K
}
Event: 218.893 GC heap before
{Heap before GC invocations=129 (full 0):
 garbage-first heap   total 1585152K, used 715101K [0x0000000700000000, 0x0000000800000000)
  region size 2048K, 38 young (77824K), 5 survivors (10240K)
 Metaspace       used 272787K, committed 275712K, reserved 1310720K
  class space    used 34230K, committed 35520K, reserved 1048576K
}

Dll operation events (18 events):
Event: 0.017 Loaded shared library C:\Program Files\Eclipse Adoptium\jdk-17.0.19.10-hotspot\bin\java.dll
Event: 0.037 Loaded shared library C:\Program Files\Eclipse Adoptium\jdk-17.0.19.10-hotspot\bin\jsvml.dll
Event: 0.092 Loaded shared library C:\Program Files\Eclipse Adoptium\jdk-17.0.19.10-hotspot\bin\zip.dll
Event: 0.097 Loaded shared library C:\Program Files\Eclipse Adoptium\jdk-17.0.19.10-hotspot\bin\instrument.dll
Event: 0.102 Loaded shared library C:\Program Files\Eclipse Adoptium\jdk-17.0.19.10-hotspot\bin\net.dll
Event: 0.105 Loaded shared library C:\Program Files\Eclipse Adoptium\jdk-17.0.19.10-hotspot\bin\nio.dll
Event: 0.109 Loaded shared library C:\Program Files\Eclipse Adoptium\jdk-17.0.19.10-hotspot\bin\zip.dll
Event: 0.380 Loaded shared library C:\Program Files\Eclipse Adoptium\jdk-17.0.19.10-hotspot\bin\jimage.dll
Event: 0.459 Loaded shared library C:\Program Files\Eclipse Adoptium\jdk-17.0.19.10-hotspot\bin\verify.dll
Event: 0.704 Loaded shared library C:\Users\Tech Semiconductors\.gradle\native\c067742578af261105cb4f569cf0c3c89f3d7b1fecec35dd04571415982c5e48\windows-amd64\native-platform.dll
Event: 0.722 Loaded shared library C:\Users\Tech Semiconductors\.gradle\native\38dada09dfb8b06ba9b0570ebf7e218e3eb74d4ef43ca46872605cf95ebc2f47\windows-amd64\native-platform-file-events.dll
Event: 2.405 Loaded shared library C:\Program Files\Eclipse Adoptium\jdk-17.0.19.10-hotspot\bin\management.dll
Event: 2.410 Loaded shared library C:\Program Files\Eclipse Adoptium\jdk-17.0.19.10-hotspot\bin\management_ext.dll
Event: 2.860 Loaded shared library C:\Program Files\Eclipse Adoptium\jdk-17.0.19.10-hotspot\bin\extnet.dll
Event: 3.796 Loaded shared library C:\Program Files\Eclipse Adoptium\jdk-17.0.19.10-hotspot\bin\sunmscapi.dll
Event: 52.852 Loaded shared library C:\Users\Tech Semiconductors\AppData\Local\Temp\native-platform1524842851318564333dir\native-platform.dll
Event: 56.161 Loaded shared library C:\Program Files\Eclipse Adoptium\jdk-17.0.19.10-hotspot\bin\rmi.dll
Event: 76.591 Loaded shared library C:\Users\Tech Semiconductors\AppData\Local\Temp\sqlite-3.41.2.2-6624748c-909f-4ece-a44e-9f34225b80c3-sqlitejdbc.dll

Deoptimization events (20 events):
Event: 217.057 Thread 0x0000020dfe147340 DEOPT PACKING pc=0x0000020de02c27e9 sp=0x00000086b2bfc210
Event: 217.057 Thread 0x0000020dfe147340 DEOPT UNPACKING pc=0x0000020de42c7143 sp=0x00000086b2bfb778 mode 0
Event: 217.096 Thread 0x0000020dfe144fd0 Uncommon trap: trap_request=0xffffff6e fr.pc=0x0000020de585bb44 relative=0x0000000000003284
Event: 217.096 Thread 0x0000020dfe144fd0 Uncommon trap: reason=loop_limit_check action=maybe_recompile pc=0x0000020de585bb44 method=com.sun.tools.javac.file.JavacFileManager.caseMapCheck(Ljava/nio/file/Path;Lcom/sun/tools/javac/file/RelativePath;)Z @ 114 c2
Event: 217.097 Thread 0x0000020dfe144fd0 DEOPT PACKING pc=0x0000020de585bb44 sp=0x00000086b2afcd40
Event: 217.097 Thread 0x0000020dfe144fd0 DEOPT UNPACKING pc=0x0000020de42c69a3 sp=0x00000086b2afcc98 mode 2
Event: 217.956 Thread 0x0000020dc4b136f0 Uncommon trap: trap_request=0xffffffde fr.pc=0x0000020de5c139a0 relative=0x0000000000000300
Event: 217.956 Thread 0x0000020dc4b136f0 Uncommon trap: reason=class_check action=maybe_recompile pc=0x0000020de5c139a0 method=javax.lang.model.util.ElementScanner14.createScanningList(Ljavax/lang/model/element/Parameterizable;Ljava/util/List;)Ljava/util/List; @ 8 c2
Event: 217.956 Thread 0x0000020dc4b136f0 DEOPT PACKING pc=0x0000020de5c139a0 sp=0x00000086b2ffbed0
Event: 218.207 Thread 0x0000020dc4b136f0 DEOPT UNPACKING pc=0x0000020de42c69a3 sp=0x00000086b2ffbdf0 mode 2
Event: 218.265 Thread 0x0000020dc4b136f0 Uncommon trap: trap_request=0xffffffde fr.pc=0x0000020de5c139a0 relative=0x0000000000000300
Event: 218.265 Thread 0x0000020dc4b136f0 Uncommon trap: reason=class_check action=maybe_recompile pc=0x0000020de5c139a0 method=javax.lang.model.util.ElementScanner14.createScanningList(Ljavax/lang/model/element/Parameterizable;Ljava/util/List;)Ljava/util/List; @ 8 c2
Event: 218.265 Thread 0x0000020dc4b136f0 DEOPT PACKING pc=0x0000020de5c139a0 sp=0x00000086b2ffbed0
Event: 218.265 Thread 0x0000020dc4b136f0 DEOPT UNPACKING pc=0x0000020de42c69a3 sp=0x00000086b2ffbdf0 mode 2
Event: 218.296 Thread 0x0000020dc4b136f0 Uncommon trap: trap_request=0xffffffde fr.pc=0x0000020de5c139a0 relative=0x0000000000000300
Event: 218.296 Thread 0x0000020dc4b136f0 Uncommon trap: reason=class_check action=maybe_recompile pc=0x0000020de5c139a0 method=javax.lang.model.util.ElementScanner14.createScanningList(Ljavax/lang/model/element/Parameterizable;Ljava/util/List;)Ljava/util/List; @ 8 c2
Event: 218.296 Thread 0x0000020dc4b136f0 DEOPT PACKING pc=0x0000020de5c139a0 sp=0x00000086b2ffbed0
Event: 218.296 Thread 0x0000020dc4b136f0 DEOPT UNPACKING pc=0x0000020de42c69a3 sp=0x00000086b2ffbdf0 mode 2
Event: 218.757 Thread 0x0000020dfe147340 DEOPT PACKING pc=0x0000020ddfac7e54 sp=0x00000086b2bfc780
Event: 218.757 Thread 0x0000020dfe147340 DEOPT UNPACKING pc=0x0000020de42c7143 sp=0x00000086b2bfbc48 mode 0

Classes loaded (20 events):
Event: 159.268 Loading class java/beans/PropertyChangeSupport
Event: 159.269 Loading class java/beans/PropertyChangeSupport done
Event: 159.270 Loading class java/beans/PropertyChangeSupport$PropertyChangeListenerMap
Event: 159.270 Loading class java/beans/ChangeListenerMap
Event: 159.270 Loading class java/beans/ChangeListenerMap done
Event: 159.270 Loading class java/beans/PropertyChangeSupport$PropertyChangeListenerMap done
Event: 162.762 Loading class java/util/jar/JarInputStream
Event: 162.764 Loading class java/util/jar/JarInputStream done
Event: 171.017 Loading class java/util/function/IntBinaryOperator
Event: 171.017 Loading class java/util/function/IntBinaryOperator done
Event: 171.770 Loading class java/lang/Character$UnicodeBlock
Event: 171.773 Loading class java/lang/Character$Subset
Event: 171.775 Loading class java/lang/Character$Subset done
Event: 171.775 Loading class java/lang/Character$UnicodeBlock done
Event: 174.317 Loading class java/util/stream/SliceOps
Event: 174.319 Loading class java/util/stream/SliceOps done
Event: 174.320 Loading class java/util/stream/SliceOps$1
Event: 174.323 Loading class java/util/stream/SliceOps$1 done
Event: 174.331 Loading class java/util/stream/SliceOps$1$1
Event: 174.332 Loading class java/util/stream/SliceOps$1$1 done

Classes unloaded (20 events):
Event: 177.011 Thread 0x0000020df7b869c0 Unloading class 0x0000020d82d92ca8 'kotlin/jvm/functions/Function0'
Event: 177.011 Thread 0x0000020df7b869c0 Unloading class 0x0000020d82d92a68 'dagger/spi/internal/shaded/androidx/room/compiler/processing/javac/JavacBasicAnnotationProcessor$2'
Event: 177.011 Thread 0x0000020df7b869c0 Unloading class 0x0000020d82d92848 'kotlin/jvm/internal/Lambda'
Event: 177.011 Thread 0x0000020df7b869c0 Unloading class 0x0000020d82d92650 'kotlin/jvm/internal/FunctionBase'
Event: 177.011 Thread 0x0000020df7b869c0 Unloading class 0x0000020d82d92458 'kotlin/jvm/functions/Function1'
Event: 177.011 Thread 0x0000020df7b869c0 Unloading class 0x0000020d82d92260 'kotlin/Function'
Event: 177.011 Thread 0x0000020df7b869c0 Unloading class 0x0000020d82d92000 'kotlin/KotlinNullPointerException'
Event: 177.011 Thread 0x0000020df7b869c0 Unloading class 0x0000020d82d91c88 'kotlin/UninitializedPropertyAccessException'
Event: 177.011 Thread 0x0000020df7b869c0 Unloading class 0x0000020d82d91a88 'kotlin/jvm/internal/Intrinsics'
Event: 177.011 Thread 0x0000020df7b869c0 Unloading class 0x0000020d82d91888 'dagger/spi/internal/shaded/androidx/room/compiler/processing/XProcessingEnvConfig$Companion'
Event: 177.011 Thread 0x0000020df7b869c0 Unloading class 0x0000020d82d91688 'dagger/spi/internal/shaded/androidx/room/compiler/processing/XProcessingEnvConfig'
Event: 177.011 Thread 0x0000020df7b869c0 Unloading class 0x0000020d82d91480 'dagger/spi/internal/shaded/androidx/room/compiler/processing/XProcessingEnvConfig$Builder'
Event: 177.011 Thread 0x0000020df7b869c0 Unloading class 0x0000020d82d91280 'dagger/hilt/processor/internal/HiltProcessingEnvConfigs'
Event: 177.011 Thread 0x0000020df7b869c0 Unloading class 0x0000020d82d91000 'dagger/hilt/processor/internal/uninstallmodules/UninstallModulesProcessingStep'
Event: 177.011 Thread 0x0000020df7b869c0 Unloading class 0x0000020d82d90c98 'dagger/hilt/processor/internal/BaseProcessingStep'
Event: 177.011 Thread 0x0000020df7b869c0 Unloading class 0x0000020d82d90aa0 'dagger/spi/internal/shaded/androidx/room/compiler/processing/XProcessingStep'
Event: 177.011 Thread 0x0000020df7b869c0 Unloading class 0x0000020d82d907b8 'dagger/hilt/processor/internal/uninstallmodules/UninstallModulesProcessor'
Event: 177.011 Thread 0x0000020df7b869c0 Unloading class 0x0000020d82d904d0 'dagger/hilt/processor/internal/JavacBaseProcessingStepProcessor'
Event: 177.011 Thread 0x0000020df7b869c0 Unloading class 0x0000020d82d901f8 'dagger/spi/internal/shaded/androidx/room/compiler/processing/javac/JavacBasicAnnotationProcessor'
Event: 177.011 Thread 0x0000020df7b869c0 Unloading class 0x0000020d82d90000 'dagger/spi/internal/shaded/androidx/room/compiler/processing/XBasicAnnotationProcessor'

Classes redefined (0 events):
No events

Internal exceptions (20 events):
Event: 214.953 Thread 0x0000020dfe147850 Exception <a 'java/lang/IncompatibleClassChangeError'{0x0000000760bee4f0}: Found class java.lang.Object, but interface was expected> (0x0000000760bee4f0) 
thrown [s\src\hotspot\share\interpreter\linkResolver.cpp, line 826]
Event: 214.957 Thread 0x0000020dfe147850 Exception <a 'sun/nio/fs/WindowsException'{0x00000007609f14b0}> (0x00000007609f14b0) 
thrown [s\src\hotspot\share\prims\jni.cpp, line 516]
Event: 215.277 Thread 0x0000020dc1ec7770 Exception <a 'sun/nio/fs/WindowsException'{0x000000075e737280}> (0x000000075e737280) 
thrown [s\src\hotspot\share\prims\jni.cpp, line 516]
Event: 215.281 Thread 0x0000020dc1ec7770 Exception <a 'sun/nio/fs/WindowsException'{0x000000075e739318}> (0x000000075e739318) 
thrown [s\src\hotspot\share\prims\jni.cpp, line 516]
Event: 215.282 Thread 0x0000020dc1ec7770 Exception <a 'sun/nio/fs/WindowsException'{0x000000075e73b358}> (0x000000075e73b358) 
thrown [s\src\hotspot\share\prims\jni.cpp, line 516]
Event: 215.313 Thread 0x0000020dc1ec5400 Exception <a 'sun/nio/fs/WindowsException'{0x000000075e61e078}> (0x000000075e61e078) 
thrown [s\src\hotspot\share\prims\jni.cpp, line 516]
Event: 215.315 Thread 0x0000020dc1ec5400 Exception <a 'sun/nio/fs/WindowsException'{0x000000075e6200d0}> (0x000000075e6200d0) 
thrown [s\src\hotspot\share\prims\jni.cpp, line 516]
Event: 215.315 Thread 0x0000020dc1ec5400 Exception <a 'sun/nio/fs/WindowsException'{0x000000075e622098}> (0x000000075e622098) 
thrown [s\src\hotspot\share\prims\jni.cpp, line 516]
Event: 215.596 Thread 0x0000020dc1ec6d50 Exception <a 'sun/nio/fs/WindowsException'{0x000000075e13bb08}> (0x000000075e13bb08) 
thrown [s\src\hotspot\share\prims\jni.cpp, line 516]
Event: 215.600 Thread 0x0000020dc1ec6d50 Exception <a 'sun/nio/fs/WindowsException'{0x000000075e13db88}> (0x000000075e13db88) 
thrown [s\src\hotspot\share\prims\jni.cpp, line 516]
Event: 215.602 Thread 0x0000020dc1ec6d50 Exception <a 'sun/nio/fs/WindowsException'{0x000000075e13fb88}> (0x000000075e13fb88) 
thrown [s\src\hotspot\share\prims\jni.cpp, line 516]
Event: 215.624 Thread 0x0000020dfe144fd0 Exception <a 'sun/nio/fs/WindowsException'{0x000000075db423b8}> (0x000000075db423b8) 
thrown [s\src\hotspot\share\prims\jni.cpp, line 516]
Event: 215.625 Thread 0x0000020dfe147340 Exception <a 'sun/nio/fs/WindowsException'{0x000000075db7a178}> (0x000000075db7a178) 
thrown [s\src\hotspot\share\prims\jni.cpp, line 516]
Event: 215.660 Thread 0x0000020dc4b14620 Exception <a 'sun/nio/fs/WindowsException'{0x000000075d9ecf78}> (0x000000075d9ecf78) 
thrown [s\src\hotspot\share\prims\jni.cpp, line 516]
Event: 215.841 Thread 0x0000020dfe144fd0 Exception <a 'sun/nio/fs/WindowsException'{0x000000075c0bcef0}> (0x000000075c0bcef0) 
thrown [s\src\hotspot\share\prims\jni.cpp, line 516]
Event: 216.024 Thread 0x0000020dc4b178c0 Exception <a 'java/lang/InterruptedException'{0x00000007605b1e90}> (0x00000007605b1e90) 
thrown [s\src\hotspot\share\runtime\objectMonitor.cpp, line 1658]
Event: 216.272 Thread 0x0000020dfe147340 Exception <a 'sun/nio/fs/WindowsException'{0x000000075fa08658}> (0x000000075fa08658) 
thrown [s\src\hotspot\share\prims\jni.cpp, line 516]
Event: 216.393 Thread 0x0000020dc4b14620 Exception <a 'sun/nio/fs/WindowsException'{0x000000075efaf060}> (0x000000075efaf060) 
thrown [s\src\hotspot\share\prims\jni.cpp, line 516]
Event: 217.700 Thread 0x0000020dc4b136f0 Exception <a 'java/lang/IncompatibleClassChangeError'{0x000000075eeb4cd0}: Found class java.lang.Object, but interface was expected> (0x000000075eeb4cd0) 
thrown [s\src\hotspot\share\interpreter\linkResolver.cpp, line 826]
Event: 217.708 Thread 0x0000020dc4b136f0 Exception <a 'java/lang/IncompatibleClassChangeError'{0x000000075eefe0e8}: Found class java.lang.Object, but interface was expected> (0x000000075eefe0e8) 
thrown [s\src\hotspot\share\interpreter\linkResolver.cpp, line 826]

VM Operations (20 events):
Event: 211.052 Executing VM operation: HandshakeAllThreads done
Event: 211.052 Executing VM operation: Cleanup
Event: 211.068 Executing VM operation: Cleanup done
Event: 211.272 Executing VM operation: HandshakeAllThreads
Event: 211.364 Executing VM operation: HandshakeAllThreads done
Event: 212.365 Executing VM operation: Cleanup
Event: 212.371 Executing VM operation: Cleanup done
Event: 212.971 Executing VM operation: ICBufferFull
Event: 212.974 Executing VM operation: ICBufferFull done
Event: 213.100 Executing VM operation: ICBufferFull
Event: 213.103 Executing VM operation: ICBufferFull done
Event: 213.143 Executing VM operation: G1CollectForAllocation
Event: 213.227 Executing VM operation: G1CollectForAllocation done
Event: 213.457 Executing VM operation: G1CollectForAllocation
Event: 214.925 Executing VM operation: G1CollectForAllocation done
Event: 215.851 Executing VM operation: G1CollectForAllocation
Event: 215.906 Executing VM operation: G1CollectForAllocation done
Event: 217.107 Executing VM operation: G1CollectForAllocation
Event: 217.464 Executing VM operation: G1CollectForAllocation done
Event: 218.772 Executing VM operation: G1CollectForAllocation

Memory protections (0 events):
No events

Nmethod flushes (20 events):
Event: 213.087 Thread 0x0000020df8342910 flushing  nmethod 0x0000020de0c5ef10
Event: 213.087 Thread 0x0000020df8342910 flushing  nmethod 0x0000020de0c5f310
Event: 213.087 Thread 0x0000020df8342910 flushing  nmethod 0x0000020de0c61c90
Event: 213.087 Thread 0x0000020df8342910 flushing  nmethod 0x0000020de0c62090
Event: 213.087 Thread 0x0000020df8342910 flushing  nmethod 0x0000020de0c62510
Event: 213.087 Thread 0x0000020df8342910 flushing  nmethod 0x0000020de0c70710
Event: 213.088 Thread 0x0000020df8342910 flushing  nmethod 0x0000020de0c91210
Event: 213.088 Thread 0x0000020df8342910 flushing  nmethod 0x0000020de0c95090
Event: 213.088 Thread 0x0000020df8342910 flushing  nmethod 0x0000020de0c98290
Event: 213.089 Thread 0x0000020df8342910 flushing  nmethod 0x0000020de0ca5a90
Event: 213.089 Thread 0x0000020df8342910 flushing  nmethod 0x0000020de0cb1310
Event: 213.089 Thread 0x0000020df8342910 flushing  nmethod 0x0000020de0cb2810
Event: 213.089 Thread 0x0000020df8342910 flushing  nmethod 0x0000020de0cbae90
Event: 213.090 Thread 0x0000020df8342910 flushing  nmethod 0x0000020de0cfc910
Event: 213.090 Thread 0x0000020df8342910 flushing  nmethod 0x0000020de0cfe890
Event: 213.093 Thread 0x0000020df8342910 flushing  nmethod 0x0000020de0d68010
Event: 213.093 Thread 0x0000020df8342910 flushing  nmethod 0x0000020de0d68a10
Event: 213.093 Thread 0x0000020df8342910 flushing  nmethod 0x0000020de0d68e90
Event: 213.093 Thread 0x0000020df8342910 flushing  nmethod 0x0000020de0d69e90
Event: 213.093 Thread 0x0000020df8342910 flushing  nmethod 0x0000020de0d6dc10

Events (20 events):
Event: 208.715 Thread 0x0000020dc560c050 Thread added: 0x0000020dc454a910
Event: 208.722 Thread 0x0000020dc560c050 Thread added: 0x0000020dc454b330
Event: 208.724 Thread 0x0000020dc560c050 Thread added: 0x0000020e00966810
Event: 208.731 Thread 0x0000020dc560c050 Thread added: 0x0000020e00964ec0
Event: 208.733 Thread 0x0000020dc560c050 Thread added: 0x0000020e00963060
Event: 208.750 Thread 0x0000020dc560c050 Thread added: 0x0000020dc1310c10
Event: 208.757 Thread 0x0000020dc560c050 Thread added: 0x0000020dc130f2c0
Event: 208.764 Thread 0x0000020dc560c050 Thread added: 0x0000020dc1311b40
Event: 208.766 Thread 0x0000020dc560c050 Thread added: 0x0000020dc1312a70
Event: 208.780 Thread 0x0000020dc560c050 Thread added: 0x0000020dc130fce0
Event: 208.782 Thread 0x0000020dc560c050 Thread added: 0x0000020dc38790a0
Event: 211.711 Thread 0x0000020dc560c050 Thread added: 0x0000020dca4efef0
Event: 212.115 Thread 0x0000020dc560c050 Thread added: 0x0000020dc4b182e0
Event: 212.235 Thread 0x0000020dc560c050 Thread added: 0x0000020dcab7ef10
Event: 215.927 Thread 0x0000020dfe1459f0 Thread added: 0x0000020dca4ee5a0
Event: 215.972 Thread 0x0000020dfe146920 Thread added: 0x0000020dcab80d70
Event: 215.973 Thread 0x0000020dc560c050 Thread added: 0x0000020dc31d6ec0
Event: 216.012 Thread 0x0000020dc560c050 Thread added: 0x0000020dc454c260
Event: 216.020 Thread 0x0000020dfe147850 Thread added: 0x0000020dc4b178c0
Event: 216.073 Thread 0x0000020dc560c050 Thread added: 0x0000020dc4b17dd0


Dynamic libraries:
0x00007ff728f20000 - 0x00007ff728f2e000 	C:\Program Files\Eclipse Adoptium\jdk-17.0.19.10-hotspot\bin\java.exe
0x00007ffdb2ec0000 - 0x00007ffdb3127000 	C:\WINDOWS\SYSTEM32\ntdll.dll
0x00007ffdb1f40000 - 0x00007ffdb200b000 	C:\WINDOWS\System32\KERNEL32.DLL
0x00007ffdb0490000 - 0x00007ffdb0892000 	C:\WINDOWS\System32\KERNELBASE.dll
0x00007ffdb0300000 - 0x00007ffdb044c000 	C:\WINDOWS\System32\ucrtbase.dll
0x00007ffd9d600000 - 0x00007ffd9d618000 	C:\Program Files\Eclipse Adoptium\jdk-17.0.19.10-hotspot\bin\jli.dll
0x00007ffd9d5e0000 - 0x00007ffd9d5fe000 	C:\Program Files\Eclipse Adoptium\jdk-17.0.19.10-hotspot\bin\VCRUNTIME140.dll
0x00007ffdb0c60000 - 0x00007ffdb0e2f000 	C:\WINDOWS\System32\USER32.dll
0x00007ffdb0460000 - 0x00007ffdb0487000 	C:\WINDOWS\System32\win32u.dll
0x00007ffdb2e50000 - 0x00007ffdb2e7b000 	C:\WINDOWS\System32\GDI32.dll
0x00007ffdb08a0000 - 0x00007ffdb09c9000 	C:\WINDOWS\System32\gdi32full.dll
0x00007ffdaf0f0000 - 0x00007ffdaf380000 	C:\WINDOWS\WinSxS\amd64_microsoft.windows.common-controls_6595b64144ccf1df_6.0.26100.9278_none_3e0d1ba8e3303201\COMCTL32.dll
0x00007ffdb0250000 - 0x00007ffdb02f3000 	C:\WINDOWS\System32\msvcp_win.dll
0x00007ffdb2a80000 - 0x00007ffdb2b29000 	C:\WINDOWS\System32\msvcrt.dll
0x00007ffdb2cb0000 - 0x00007ffdb2ce1000 	C:\WINDOWS\System32\IMM32.DLL
0x0000000074d10000 - 0x0000000074d1d000 	C:\Program Files (x86)\360\Total Security\safemon\SafeWrapper.dll
0x00007ffdb2900000 - 0x00007ffdb29bc000 	C:\WINDOWS\System32\ADVAPI32.dll
0x00007ffdb29d0000 - 0x00007ffdb2a79000 	C:\WINDOWS\System32\sechost.dll
0x00007ffdb2b30000 - 0x00007ffdb2c48000 	C:\WINDOWS\System32\RPCRT4.dll
0x00007ffdaed70000 - 0x00007ffdaee75000 	C:\Program Files (x86)\360\Total Security\safemon\libzdtp64.dll
0x00007ffdb0f60000 - 0x00007ffdb16f8000 	C:\WINDOWS\System32\SHELL32.dll
0x00007ffdb0be0000 - 0x00007ffdb0c46000 	C:\WINDOWS\System32\SHLWAPI.dll
0x00007ffdaf710000 - 0x00007ffdaf71b000 	C:\WINDOWS\SYSTEM32\VERSION.dll
0x00007ffdaf7a0000 - 0x00007ffdaf7ac000 	C:\Program Files\Eclipse Adoptium\jdk-17.0.19.10-hotspot\bin\vcruntime140_1.dll
0x00007ffd83760000 - 0x00007ffd837ed000 	C:\Program Files\Eclipse Adoptium\jdk-17.0.19.10-hotspot\bin\msvcp140.dll
0x00007ffd3c340000 - 0x00007ffd3cfac000 	C:\Program Files\Eclipse Adoptium\jdk-17.0.19.10-hotspot\bin\server\jvm.dll
0x00007ffdb0e40000 - 0x00007ffdb0ec0000 	C:\WINDOWS\System32\WS2_32.dll
0x00007ffdaff20000 - 0x00007ffdaff7e000 	C:\WINDOWS\SYSTEM32\POWRPROF.dll
0x00007ffd90010000 - 0x00007ffd90046000 	C:\WINDOWS\SYSTEM32\WINMM.dll
0x00007ffdaff00000 - 0x00007ffdaff15000 	C:\WINDOWS\SYSTEM32\UMPDC.dll
0x00007ffdae590000 - 0x00007ffdae5ab000 	C:\WINDOWS\SYSTEM32\kernel.appcore.dll
0x00007ffdac120000 - 0x00007ffdac12a000 	C:\Program Files\Eclipse Adoptium\jdk-17.0.19.10-hotspot\bin\jimage.dll
0x00007ffdaf810000 - 0x00007ffdafa5c000 	C:\WINDOWS\SYSTEM32\DBGHELP.DLL
0x00007ffdb1a80000 - 0x00007ffdb1e05000 	C:\WINDOWS\System32\combase.dll
0x00007ffdb2590000 - 0x00007ffdb2669000 	C:\WINDOWS\System32\OLEAUT32.dll
0x00007ffdaf6b0000 - 0x00007ffdaf6eb000 	C:\WINDOWS\SYSTEM32\dbgcore.DLL
0x00007ffdb0a60000 - 0x00007ffdb0b0c000 	C:\WINDOWS\System32\bcryptPrimitives.dll
0x00007ffd8d980000 - 0x00007ffd8d98e000 	C:\Program Files\Eclipse Adoptium\jdk-17.0.19.10-hotspot\bin\instrument.dll
0x00007ffd8e500000 - 0x00007ffd8e525000 	C:\Program Files\Eclipse Adoptium\jdk-17.0.19.10-hotspot\bin\java.dll
0x00007ffd829a0000 - 0x00007ffd82a77000 	C:\Program Files\Eclipse Adoptium\jdk-17.0.19.10-hotspot\bin\jsvml.dll
0x00007ffdac920000 - 0x00007ffdad1ce000 	C:\WINDOWS\SYSTEM32\windows.storage.dll
0x00007ffdb2670000 - 0x00007ffdb276b000 	C:\WINDOWS\System32\SHCORE.dll
0x00007ffdaffe0000 - 0x00007ffdb0009000 	C:\WINDOWS\SYSTEM32\profapi.dll
0x00007ffd8d900000 - 0x00007ffd8d918000 	C:\Program Files\Eclipse Adoptium\jdk-17.0.19.10-hotspot\bin\zip.dll
0x00007ffd8d9b0000 - 0x00007ffd8d9ca000 	C:\Program Files\Eclipse Adoptium\jdk-17.0.19.10-hotspot\bin\net.dll
0x00007ffd9d640000 - 0x00007ffd9d76a000 	C:\WINDOWS\SYSTEM32\WINHTTP.dll
0x00007ffdae2a0000 - 0x00007ffdae30c000 	C:\WINDOWS\system32\mswsock.dll
0x00007ffd8d990000 - 0x00007ffd8d9a6000 	C:\Program Files\Eclipse Adoptium\jdk-17.0.19.10-hotspot\bin\nio.dll
0x00007ffda6780000 - 0x00007ffda6790000 	C:\Program Files\Eclipse Adoptium\jdk-17.0.19.10-hotspot\bin\verify.dll
0x00007ffd8d8d0000 - 0x00007ffd8d8f7000 	C:\Users\Tech Semiconductors\.gradle\native\c067742578af261105cb4f569cf0c3c89f3d7b1fecec35dd04571415982c5e48\windows-amd64\native-platform.dll
0x00007ffd81ba0000 - 0x00007ffd81ce4000 	C:\Users\Tech Semiconductors\.gradle\native\38dada09dfb8b06ba9b0570ebf7e218e3eb74d4ef43ca46872605cf95ebc2f47\windows-amd64\native-platform-file-events.dll
0x00007ffd9d1f0000 - 0x00007ffd9d1fa000 	C:\Program Files\Eclipse Adoptium\jdk-17.0.19.10-hotspot\bin\management.dll
0x00007ffd9a3e0000 - 0x00007ffd9a3ec000 	C:\Program Files\Eclipse Adoptium\jdk-17.0.19.10-hotspot\bin\management_ext.dll
0x00007ffdb1e30000 - 0x00007ffdb1e38000 	C:\WINDOWS\System32\PSAPI.DLL
0x00007ffdafb70000 - 0x00007ffdafb8b000 	C:\WINDOWS\SYSTEM32\CRYPTSP.dll
0x00007ffdadc80000 - 0x00007ffdadcb9000 	C:\WINDOWS\system32\rsaenh.dll
0x00007ffdae350000 - 0x00007ffdae384000 	C:\WINDOWS\SYSTEM32\USERENV.dll
0x00007ffdaffb0000 - 0x00007ffdaffda000 	C:\WINDOWS\SYSTEM32\bcrypt.dll
0x00007ffdae5b0000 - 0x00007ffdae5bc000 	C:\WINDOWS\SYSTEM32\CRYPTBASE.dll
0x00007ffdad6f0000 - 0x00007ffdad723000 	C:\WINDOWS\SYSTEM32\IPHLPAPI.DLL
0x00007ffdb0c50000 - 0x00007ffdb0c5a000 	C:\WINDOWS\System32\NSI.dll
0x00007ffd9d150000 - 0x00007ffd9d16d000 	C:\WINDOWS\SYSTEM32\dhcpcsvc6.DLL
0x00007ffd9cf80000 - 0x00007ffd9cfa5000 	C:\WINDOWS\SYSTEM32\dhcpcsvc.DLL
0x00007ffdad780000 - 0x00007ffdad8d8000 	C:\WINDOWS\SYSTEM32\DNSAPI.dll
0x00007ffdae0a0000 - 0x00007ffdae0ad000 	C:\WINDOWS\SYSTEM32\DSPARSE.dll
0x00007ffd8d240000 - 0x00007ffd8d249000 	C:\Program Files\Eclipse Adoptium\jdk-17.0.19.10-hotspot\bin\extnet.dll
0x00007ffd8d230000 - 0x00007ffd8d23e000 	C:\Program Files\Eclipse Adoptium\jdk-17.0.19.10-hotspot\bin\sunmscapi.dll
0x00007ffdb00c0000 - 0x00007ffdb023e000 	C:\WINDOWS\System32\CRYPT32.dll
0x00007ffdaf0b0000 - 0x00007ffdaf0e0000 	C:\WINDOWS\SYSTEM32\ncrypt.dll
0x00007ffdaf060000 - 0x00007ffdaf09f000 	C:\WINDOWS\SYSTEM32\NTASN1.dll
0x00007ffd47cf0000 - 0x00007ffd47cf8000 	C:\WINDOWS\system32\wshunix.dll
0x00007ffd45560000 - 0x00007ffd45578000 	C:\WINDOWS\system32\napinsp.dll
0x00007ffd13f60000 - 0x00007ffd13f73000 	C:\WINDOWS\System32\winrnr.dll
0x00007ffd4b320000 - 0x00007ffd4b347000 	C:\WINDOWS\system32\nlansp_c.dll
0x00007ffd9dab0000 - 0x00007ffd9dac6000 	C:\WINDOWS\system32\wshbth.dll
0x00007ffd9f870000 - 0x00007ffd9f87b000 	C:\Windows\System32\rasadhlp.dll
0x00007ffd9ab00000 - 0x00007ffd9ab86000 	C:\WINDOWS\System32\fwpuclnt.dll
0x00007ffda03b0000 - 0x00007ffda03ce000 	C:\Users\Tech Semiconductors\AppData\Local\Temp\native-platform1524842851318564333dir\native-platform.dll
0x00007ffd9e940000 - 0x00007ffd9e947000 	C:\Program Files\Eclipse Adoptium\jdk-17.0.19.10-hotspot\bin\rmi.dll
0x00007ffdaf7b0000 - 0x00007ffdaf7e6000 	C:\WINDOWS\SYSTEM32\ntmarta.dll
0x00007ffd81d40000 - 0x00007ffd81e29000 	C:\Users\Tech Semiconductors\AppData\Local\Temp\sqlite-3.41.2.2-6624748c-909f-4ece-a44e-9f34225b80c3-sqlitejdbc.dll

dbghelp: loaded successfully - version: 4.0.5 - missing functions: none
symbol engine: initialized successfully - sym options: 0x614 - pdb path: .;C:\Program Files\Eclipse Adoptium\jdk-17.0.19.10-hotspot\bin;C:\WINDOWS\SYSTEM32;C:\WINDOWS\WinSxS\amd64_microsoft.windows.common-controls_6595b64144ccf1df_6.0.26100.9278_none_3e0d1ba8e3303201;C:\Program Files (x86)\360\Total Security\safemon;C:\Program Files\Eclipse Adoptium\jdk-17.0.19.10-hotspot\bin\server;C:\Users\Tech Semiconductors\.gradle\native\c067742578af261105cb4f569cf0c3c89f3d7b1fecec35dd04571415982c5e48\windows-amd64;C:\Users\Tech Semiconductors\.gradle\native\38dada09dfb8b06ba9b0570ebf7e218e3eb74d4ef43ca46872605cf95ebc2f47\windows-amd64;C:\Users\Tech Semiconductors\AppData\Local\Temp\native-platform1524842851318564333dir;C:\Users\Tech Semiconductors\AppData\Local\Temp

VM Arguments:
jvm_args: --add-opens=java.base/java.util=ALL-UNNAMED --add-opens=java.base/java.lang=ALL-UNNAMED --add-opens=java.base/java.lang.invoke=ALL-UNNAMED --add-opens=java.prefs/java.util.prefs=ALL-UNNAMED --add-opens=java.base/java.nio.charset=ALL-UNNAMED --add-opens=java.base/java.net=ALL-UNNAMED --add-opens=java.base/java.util.concurrent.atomic=ALL-UNNAMED -Xmx4096m -Dfile.encoding=UTF-8 -Duser.country=US -Duser.language=en -Duser.variant -javaagent:C:\Users\Tech Semiconductors\.gradle\wrapper\dists\gradle-8.6-bin\afr5mpiioh2wthjmwnkmdsd5w\gradle-8.6\lib\agents\gradle-instrumentation-agent-8.6.jar 
java_command: org.gradle.launcher.daemon.bootstrap.GradleDaemon 8.6
java_class_path (initial): C:\Users\Tech Semiconductors\.gradle\wrapper\dists\gradle-8.6-bin\afr5mpiioh2wthjmwnkmdsd5w\gradle-8.6\lib\gradle-launcher-8.6.jar
Launcher Type: SUN_STANDARD

[Global flags]
     intx CICompilerCount                          = 4                                         {product} {ergonomic}
     uint ConcGCThreads                            = 2                                         {product} {ergonomic}
     uint G1ConcRefinementThreads                  = 8                                         {product} {ergonomic}
   size_t G1HeapRegionSize                         = 2097152                                   {product} {ergonomic}
    uintx GCDrainStackTargetSize                   = 64                                        {product} {ergonomic}
   size_t InitialHeapSize                          = 134217728                                 {product} {ergonomic}
   size_t MarkStackSize                            = 4194304                                   {product} {ergonomic}
   size_t MaxHeapSize                              = 4294967296                                {product} {command line}
   size_t MaxNewSize                               = 2575302656                                {product} {ergonomic}
   size_t MinHeapDeltaBytes                        = 2097152                                   {product} {ergonomic}
   size_t MinHeapSize                              = 8388608                                   {product} {ergonomic}
    uintx NonNMethodCodeHeapSize                   = 5839372                                {pd product} {ergonomic}
    uintx NonProfiledCodeHeapSize                  = 122909434                              {pd product} {ergonomic}
    uintx ProfiledCodeHeapSize                     = 122909434                              {pd product} {ergonomic}
    uintx ReservedCodeCacheSize                    = 251658240                              {pd product} {ergonomic}
     bool SegmentedCodeCache                       = true                                      {product} {ergonomic}
   size_t SoftMaxHeapSize                          = 4294967296                             {manageable} {ergonomic}
     bool UseCompressedClassPointers               = true                           {product lp64_product} {ergonomic}
     bool UseCompressedOops                        = true                           {product lp64_product} {ergonomic}
     bool UseG1GC                                  = true                                      {product} {ergonomic}
     bool UseLargePagesIndividualAllocation        = false                                  {pd product} {ergonomic}

Logging:
Log output configuration:
 #0: stdout all=warning uptime,level,tags
 #1: stderr all=off uptime,level,tags

Environment Variables:
PATH=C:\Program Files\Eclipse Adoptium\jdk-17.0.19.10-hotspot\bin;C:\WINDOWS\system32;C:\WINDOWS;C:\WINDOWS\System32\Wbem;C:\WINDOWS\System32\WindowsPowerShell\v1.0\;C:\WINDOWS\System32\OpenSSH\;C:\Users\Tech Semiconductors\AppData\Local\nvm;C:\nvm4w\nodejs;C:\Program Files\Git\cmd;C:\Users\Tech Semiconductors\AppData\Local\Android\Sdk\tools;C:\Program Files\Eclipse Adoptium\jdk-17.0.19.10-hotspot\bin;C:\WINDOWS\system32;C:\WINDOWS;C:\WINDOWS\System32\Wbem;C:\WINDOWS\System32\WindowsPowerShell\v1.0\;C:\WINDOWS\System32\OpenSSH\;C:\Users\Tech Semiconductors\AppData\Local\nvm;C:\nvm4w\nodejs;C:\Program Files\Git\cmd;C:\Users\Tech Semiconductors\AppData\Local\Microsoft\WindowsApps;C:\Users\Tech Semiconductors\AppData\Roaming\npm;C:\Users\Tech Semiconductors\AppData\Local\Android\Sdk\platform-tools;C:\Users\Tech Semiconductors\AppData\Local\nvm;C:\nvm4w\nodejs;C:\Users\Tech Semiconductors\.local\bin;C:\Users\Tech Semiconductors\AppData\Local\Android\Sdk\platform-tools;C:\Users\Tech Semiconductors\AppData\Local\Android\Sdk\tools;C:\Users\Tech Semiconductors\AppData\Local\Android\Sdk\emulator;C:\Program Files\Android\Android Studio\plugins\android\resources\android-cli\bin
USERNAME=Tech Semiconductors
OS=Windows_NT
PROCESSOR_IDENTIFIER=Intel64 Family 6 Model 142 Stepping 10, GenuineIntel
TMP=C:\Users\TECHSE~1\AppData\Local\Temp
TEMP=C:\Users\TECHSE~1\AppData\Local\Temp



Periodic native trim disabled


---------------  S Y S T E M  ---------------

OS:
 Windows 11 , 64 bit Build 26100 (10.0.26100.9444)
OS uptime: 0 days 2:24 hours

CPU: total 8 (initial active 8) (4 cores per cpu, 2 threads per core) family 6 model 142 stepping 10 microcode 0xf0, cx8, cmov, fxsr, ht, mmx, 3dnowpref, sse, sse2, sse3, ssse3, sse4.1, sse4.2, popcnt, lzcnt, tsc, tscinvbit, avx, avx2, aes, erms, clmul, bmi1, bmi2, adx, fma, vzeroupper, clflush, clflushopt
Processor Information for all 8 processors :
  Max Mhz: 1992, Current Mhz: 1792, Mhz Limit: 1792

Memory: 4k page, system-wide physical 8083M (496M free)
TotalPageFile size 16332M (AvailPageFile size 1067M)
current process WorkingSet (physical memory assigned to process): 1546M, peak: 1879M
current process commit charge ("private bytes"): 3170M, peak: 3183M

vm_info: OpenJDK 64-Bit Server VM (17.0.19+10) for windows-amd64 JRE (17.0.19+10), built on Apr 25 2026 08:04:44 by "admin" with MS VC++ 17.12 (VS2022)

END.
